flight,clip_type,clip_start_vid,clip_start_log,launch_lat,launch_lon,launch_alt,clip_start_lat,clip_start_lon,clip_start_ascent,prox_move_v,prox_move_h,launch-group_bear
001-01,first,254000.0,238100.0,0.0712982061176619,36.9597190631806,1800.5053066161804,0.0705927133516139,36.9624158578108,87.80000280959999,7.500000240002919,70.55319984345068,104.56633101769799
002-01,first,204000.0,185700.0,0.06926088995317199,36.9624021011956,1801.842098658933,0.0668958715673137,36.9652088118152,88.30000282559999,9.900000316800742,63.080433228957084,129.92898158867519
003-01,first,107000.0,96850.0,0.0692644492478215,36.9623954143999,1811.0458831534768,0.0706154315623839,36.963767817713396,86.50000276799999,8.20000026239677,300.84806288564334,45.64302184824266
004-01,first,0.0,624300.0,0.0607091997939794,36.94260665372121,1794.822201034301,0.0586390537120272,36.94150648445879,74.9000023968,31.200000998387623,119.58139916016364,208.14796714486803
005-01,first,164000.0,146600.0,0.0621055331178673,36.933623308765604,1788.7455406398694,0.0644066047128801,36.9299520014051,80.9000025888,13.700000438395136,205.32304953916264,301.9054142737079
006-01,first,145000.0,136900.0,0.0621205161852688,36.9336338018285,1788.6721519374923,0.0642864566371071,36.9306332997083,86.7000027744,10.40000033280262,98.75768698272975,305.64156063794803
007-01,first,151000.0,146450.0,0.0637860710939868,36.9221976833989,1792.2470300519135,0.0613062177951788,36.922658364128296,86.3000027616,11.100000355212615,93.68171706614268,169.40684682286408
008-01,first,117000.0,104566.66666666666,0.0656895062273718,36.9677207659382,1806.8128019179944,0.0650334963893834,36.9654241451312,85.4000027328,6.500000207999165,62.089195716048316,254.1598065415185
009-01,first,126000.0,118150.0,0.0670574093100021,36.965817292227,1804.3734708399481,0.069547777984658,36.9644555469302,88.50000283199999,5.700000182396934,68.60189216437529,331.1676791945194
010-01,first,209000.0,216250.0,0.0697281862901696,36.96226517544649,1803.098080199137,0.0686216121907403,36.9583145405266,100.0000032,5.700000182394206,106.47139344727502,254.45208306228994
011-01,first,155000.0,150800.0,0.0603317509717302,36.9454250860028,1796.1355554763297,0.0594517319207483,36.9434346090934,98.8000031616,31.10000099520198,66.96791181025185,246.2910700492148
012-01,first,160000.0,163200.0,0.0606052534420595,36.9419011656779,1794.7372400315949,0.0631607714723344,36.939844740393895,100.1000032032,27.900000892796243,111.49585826043406,320.98828154253783
013-01,first,102000.0,179450.0,0.355592288340235,36.919342600701604,1678.4293750097406,0.354851324318106,36.918143183043604,85.4000027328,6.700000214391366,118.24462193102664,238.46480330127054
014-01,first,208000.0,205950.0,0.369206399489052,36.908739038662404,1653.912650625213,0.36921005190706,36.9108277154553,85.90000274879999,5.600000179203107,69.87150370509708,89.90047027020339
015-01,first,165000.0,169600.0,0.35984096340346905,36.8940277429413,1760.8208571462744,0.3628026329961079,36.893758955954,89.20000285440001,5.000000160001491,167.54795267663326,354.7796638918305
016-01,first,124000.0,122366.66666666667,0.303913810220721,36.8942110784731,1710.9995664519754,0.303211542560733,36.8960245390359,85.500002736,16.000000512008228,75.5135919912156,111.04002464453728
017-01,first,513000.0,517000.0,0.368327474062397,36.910457119392,1659.104911491369,0.369821230657503,36.9085996023632,74.4000023808,75.90000242879682,322.7829358883602,308.61793023525263
018-01,first,0.0,77400.0,0.359801264423224,36.8939980972101,1761.0040846521374,0.361001374375215,36.892680619458496,75.80000242560001,6.800000217603156,58.65736628395617,312.13989881534167
019-01,first,348000.0,354250.0,0.357672391222395,36.8938414477832,1771.1018632752443,0.35614931976214603,36.8926112885758,86.60000277120001,8.500000271987119,112.59000309990495,219.11492877481845
021-01,first,203000.0,180000.0,0.312134026836451,36.88290074506279,1768.1768143816712,0.30820725613370004,36.883870210741,75.80000242560001,5.100000163196228,102.49877059811236,166.04216429671618
022-01,first,0.0,122800.0,0.27493906729244605,36.876854409137394,1799.188289974019,0.27029746248976505,36.878319074268,76.000002432,8.20000026239677,73.57981644593839,162.37627295957273
023-01,first,146000.0,142850.0,0.320252404731363,36.8777205112554,1806.0072598922416,0.319962855922838,36.8802313082747,75.90000242880002,9.800000313596911,90.6116109429053,96.53481379972207
024-01,first,123000.0,121500.0,0.3367627230912341,36.871658341773795,1782.9573324546216,0.3370715238186189,36.876172095463,74.6000023872,7.600000243201066,85.93107234946274,86.11234361304426
025-01,first,204000.0,201400.0,0.3526544726469329,36.8960321455987,1769.152766612887,0.3551454199907921,36.898847091319496,85.4000027328,6.800000217600427,74.35149384422542,48.68472083564431
025-02,first,222000.0,216800.0,0.352651647486192,36.896039406715104,1769.1454423126559,0.35567226596864393,36.8991907206926,85.90000274879999,16.50000052799828,127.72499715382472,46.40476133087267
025-03,first,260000.0,263400.0,0.3526602522634989,36.8960305602456,1769.1563066130002,0.35522607691979297,36.9007845443158,98.9000031648,26.400000844809483,298.52041892891765,61.80341676448013
026-01,first,100000.0,98400.0,0.3634296960390379,36.8965340851936,1739.8850654763107,0.3632441015813641,36.8948243076735,74.500002384,7.600000243194472,67.02998623961177,263.8458970107398
026-02,first,149000.0,167600.0,0.363433179524146,36.896543573369605,1739.7831367730514,0.363419546578624,36.895187882174,75.7000024224,18.00000057599368,63.52885356403964,269.4276975624108
027-01,first,95000.0,91450.0,0.355542370226524,36.919351179213,1678.3069385058106,0.35711739411879395,36.9215773689226,75.50000241600002,6.600000211196175,243.92198330117913,54.901398681731614
028-01,first,128000.0,125350.0,0.33921715974959604,36.9100307862528,1646.2947303814394,0.336844940193092,36.9112062127694,78.70000251840001,7.200000230389833,92.26688722599303,153.48873181186383
028-02,first,0.0,307250.0,0.339217479936752,36.9100327919596,1656.6287395121303,0.33704276150380297,36.911228539121204,75.60000241920002,28.000000895995527,93.4701364168677,151.03389546732174
029-01,first,0.0,99650.0,0.307705973765198,36.87944944292229,1769.4299882217445,0.305264657419741,36.8795311585531,75.90000242880002,7.600000243204249,72.8253629597751,178.07003126884493
029-02,first,195000.0,191833.33333333334,0.307689133601423,36.879444027491104,1769.5193437246287,0.305601633147472,36.8801350871693,75.80000242560001,20.10000064318774,97.30612404009487,161.5681744626625
030-01,first,144000.0,147600.0,0.3578051576539121,36.9199599812618,1669.9286423377218,0.3556863110686471,36.919527442227505,75.60000241920002,15.400000492803429,307.1921966547343,191.6132038144747
030-02,first,112000.0,145200.0,0.35780695297152004,36.919943277060106,1670.1668014453303,0.355821162585579,36.9196429825052,75.80000242560001,20.200000646399758,73.01179956402879,188.65612279842406
031-032-01,first,230000.0,232366.66666666666,0.371605891655904,36.9034651832341,1676.6195604518205,0.3701122473812979,36.9022295638415,74.9000023968,12.600000403203921,478.55711241689164,219.7878417561195
031-032-02,first,104000.0,106850.0,0.3716032915580829,36.903462877111394,1676.6293261521369,0.370079266822125,36.90236977101321,86.00000275200001,8.600000275213006,107.06149072486798,215.83185456707076
031-032-03,first,82000.0,76633.33333333333,0.3715970569649361,36.9034619921775,1676.6429979525706,0.370143745304245,36.902479995488704,84.10000269119998,6.300000201607418,72.12037536416021,214.22492240086848
033-01,first,166000.0,165450.0,0.35732642390681296,36.89421845342729,1771.4451250862555,0.357520667842334,36.8911689745154,85.10000272319999,6.000000191987965,99.88450639205661,273.62041635672404
033-02,first,156000.0,159050.0,0.35733249925989,36.894224828967204,1771.4222978855096,0.3578997805685301,36.8901017115103,85.30000272960002,17.200000550402137,135.0883787644347,277.7822524522041
034-01,first,42000.0,203300.0,0.304515203462471,36.8773565768836,1789.8978843767416,0.307943433271653,36.879719198501604,74.2000023744,11.000000351998096,172.10503246886998,34.75295456856206
035-01,first,138000.0,151500.0,0.30515069592415,36.8794113456835,1778.0761066984242,0.3063275928610969,36.8825655261398,75.40000241279999,7.600000243197655,69.7268063578111,69.66375374190592
036-01,first,140000.0,144300.0,0.31804582506142703,36.886931090957,1779.4475667423105,0.321595794857293,36.8869834038506,83.9000026848,10.300000329603108,280.2452881082885,0.8499336743829585
037-01,first,318000.0,342300.0,0.35332049450678704,36.8836847200068,1768.8012041016366,0.349509092675732,36.88496260119421,85.7000027424,8.30000026560515,76.8915763101167,161.34882675713527
037-02,first,230000.0,233800.0,0.353317824313549,36.8836872395477,1768.7936357013812,0.34922727254559005,36.885138253505296,85.10000272319999,28.90000092479613,225.4284147368914,160.34798648662573
038-01,first,144000.0,142100.0,0.36335418790007895,36.896732513820794,1738.6990302383786,0.364685985734735,36.8985919988358,50.6000016192,6.800000217600655,81.93729753100713,54.570480510739955
038-02,first,36000.0,180000.0,0.363357396147076,36.896733698788,1738.6691230374054,0.364764384546541,36.898638557868296,50.700001622399995,28.900000924804772,139.6606917315241,53.73243899796445
039-01,first,173000.0,175150.0,0.30515004224736103,36.8794036814399,1778.115779599713,0.30611915054173805,36.884355300093496,74.9000023968,17.700000566405606,68.45738520742367,78.99845448750226
039-02,first,240000.0,233800.0,0.305146082486313,36.8793887081209,1778.1912190021285,0.30632382832724897,36.884237589299396,65.60000209920001,24.600000787208273,162.6317118351497,76.43559521516977
039-03,first,236000.0,238200.0,0.3051470494148039,36.879394355169396,1778.162288301199,0.306468272818804,36.8842030489427,65.60000209920001,23.500000752000233,127.00596295208898,74.73449261866632
040-01,first,101000.0,103800.0,0.280717696494981,36.8897855523821,1730.5364323771705,0.281707466067938,36.891404583842395,75.40000241279999,10.000000319997753,104.72701357455163,58.73180950742533
041-01,first,126000.0,128200.0,0.350064526826365,36.914646803579295,1650.227591907268,0.35284275851643304,36.914532139952996,85.500002736,8.700000278398875,96.64775054166768,357.6207565767515
041-02,first,124000.0,122850.0,0.350051754877908,36.9146518041834,1650.1366495043626,0.352996354890961,36.9144759043839,105.80000338560001,6.600000211208226,79.94611312775695,356.55850065525897
041-03,first,179000.0,181000.0,0.35006899213854803,36.914658476863714,1650.1581339050513,0.35288754131591604,36.9146739549477,105.50000337600001,19.80000063361058,83.10625704548752,0.31675140609922264
041-04,first,0.0,208550.0,0.35006644460188696,36.9146630558945,1650.1129678036136,0.3511691214784061,36.914392766305795,105.80000338560001,17.200000550411232,112.94164910578918,346.13814347500784
041-05,first,131000.0,133100.0,0.35006563334253804,36.9146539837755,1650.1780313056836,0.35088964041955395,36.913923459871995,115.50000369600001,7.7000002463969395,158.84354833415983,318.2508193063591
042-01,first,83000.0,82500.0,0.3395206949993489,36.910290375771,1645.5842811586829,0.33854835744970097,36.9089064664991,75.60000241920002,8.800000281604525,73.77787650505375,235.0883926507506
042-02,first,122000.0,118850.0,0.33952324032493897,36.910267242279296,1645.7837440650858,0.337931689334597,36.9083979860499,75.20000240640002,21.900000700792816,93.84511759432208,229.77711479585062
043-01,first,108000.0,119200.0,0.35669983464098903,36.9196071703674,1676.4387743460431,0.354277401714207,36.918917240092505,84.500002704,7.800000249595541,102.7499997749546,195.99880109978167
044-01,first,222000.0,208133.33333333334,0.35665334651076,36.8955209043055,1770.58599415875,0.35479660391993106,36.8985150245629,85.500002736,9.200000294421443,375.6761584724975,121.63265485004312
045-01,first,190000.0,189150.0,0.35367372898883,36.883673288497,1769.4069170210087,0.34866782745738,36.88262728456501,85.4000027328,5.0000001599998996,77.81126582984507,191.8794482881812
045-02,first,178000.0,175950.0,0.353682474925863,36.883680947911294,1769.4213212214913,0.348162830138103,36.8832143369491,90.4000028928,15.000000479993332,99.19150087893328,184.86441026832932
045-03,first,129000.0,125900.0,0.3536711711905611,36.8836862902759,1769.3805498201793,0.34880999470045193,36.883516668933204,102.30000327360001,29.200000934407853,127.30789637677687,182.01183404720888
046-01,first,127000.0,125600.0,0.34964923431939304,36.8976974940326,1763.1294509201468,0.35245588966261104,36.8989404722827,85.10000272319999,7.700000246398076,133.22627091988815,24.029429902340077
047-01,first,107000.0,104900.0,0.356698197484656,36.8968498357407,1770.5206865566556,0.35491718125029703,36.8988911098572,99.60000318719999,5.50000017599632,91.0052825227419,130.9147578827932
047-02,first,175000.0,173300.0,0.356690786535264,36.8968518663759,1770.5314287570154,0.353541739199543,36.90059293635289,100.4000032128,24.50000078400035,117.52974426667966,129.9000539674527
048-01,first,150000.0,147200.0,0.3693083698740189,36.9024630153067,1683.448296070329,0.3717903538134821,36.9037408945562,75.80000242560001,11.300000361599814,113.18990433411729,27.398648866672257
049-01,first,136000.0,134300.0,0.3079807482701229,36.8793957133504,1768.3859208883441,0.313177382157303,36.8786165507514,94.70000303040001,9.300000297603447,137.13038876799908,351.41633194257133
049-02,first,294000.0,288750.0,0.30798449566260605,36.879387218603,1768.3943436886286,0.313354772289454,36.8786717126176,95.6000030592,29.600000947198623,163.47537627810678,352.36049185613444
050-01,first,119000.0,116750.0,0.307985358990954,36.8793943399502,1768.36980758782,0.313132594375532,36.8814391550739,85.7000027424,17.00000054398538,77.7373479437831,21.79825015356729
050-02,first,272000.0,270650.0,0.307992690791099,36.87939753667821,1768.3284256864945,0.313014297282859,36.8815186192281,75.40000241279999,23.400000748810044,229.7930110628668,23.03672526887521
050-03,first,192000.0,190000.0,0.3079905500174461,36.8793972714031,1768.3385575868194,0.31346035040222103,36.8827189828679,75.40000241279999,20.200000646400895,80.94050658937493,31.440175611241433
051-01,first,246000.0,242650.0,0.328584987794418,36.907059734970495,1633.8605258835282,0.32436955886430496,36.9060824529819,75.7000024224,7.9000002527991455,246.06004444708782,193.13727474917664
051-02,first,208000.0,205800.0,0.328597770489691,36.9070623549475,1633.8342807826832,0.322765331695525,36.9046033156986,85.10000272319999,20.10000064320593,195.71770713614364,202.99874194126215
052-01,first,81000.0,79250.0,0.34583028462249704,36.91337841882071,1644.590140526872,0.343432105018797,36.9115787291431,75.50000241600002,6.7000002144079644,74.44802375308632,217.07045574071125
052-02,first,22000.0,146850.0,0.34582689137468897,36.9133927225511,1644.4735633231562,0.343447090499044,36.9115234310121,75.30000240960003,20.80000066556704,140.46267101215656,218.33559896618303
053-01,first,79000.0,76800.0,0.35651041293032704,36.9195166567428,1677.4210741774664,0.354606948815424,36.91931825631279,96.8000030976,8.40000026880557,100.42409214169288,185.99022071029634
053-02,first,120000.0,119050.0,0.3565106158367321,36.919533111814,1677.2434618717925,0.35440836115865904,36.9192669486158,95.9000030688,17.000000543992655,99.80051165892148,187.26371110703707
054-03,first,196000.0,194900.0,0.354651255378706,36.897587257874605,1770.50786915625,0.351664484484156,36.8980942645111,105.7000033824,9.100000291205106,82.46782152498808,170.302315572579
055-01,first,97000.0,95100.0,0.297835847656255,36.8800340600574,1737.6509345048355,0.296682564508362,36.881402984226796,75.30000240960003,12.900000412805184,105.5547087176195,129.92412819961524
055-02,first,164000.0,162200.0,0.297830024171167,36.8800306331347,1737.669855405424,0.296495697673201,36.881613487405204,85.10000272319999,15.80000050560443,251.26039015287495,129.94131072864593
056-01,first,113000.0,109666.66666666667,0.308055157789741,36.87938533959,1768.0911210789207,0.31254556704987296,36.8806312158507,86.00000275200001,6.100000195204757,100.99124366025688,15.606026218061094
056-02,first,163000.0,159966.66666666666,0.3080609447275661,36.87938831652379,1768.0571854778354,0.312685697935573,36.8809290291146,95.4000030528,21.600000691197238,93.35441981070525,18.54067946761543
057-01,first,123000.0,122050.0,0.337535482694552,36.9089563919775,1646.9645302028634,0.335024425448252,36.9070586463464,65.60000209920001,7.200000230400292,96.57347889754874,217.26518053541236
058-01,first,94000.0,91250.0,0.3696585400782029,36.9022765343548,1684.6000295071979,0.370790557778675,36.903919586331,75.80000242560001,6.800000217592242,86.9657300588796,55.61324034472169
058-02,first,113000.0,109300.0,0.369655087204526,36.9022756243038,1684.6056447073875,0.371263745494409,36.9031421039926,74.9000023968,23.600000755194515,93.74637562578519,28.468922412210777
059-01,first,109000.0,105950.0,0.363246666130954,36.896313352024606,1743.0154366765055,0.3610438448933089,36.894589482235105,75.20000240640002,5.700000182398071,60.0651416172359,218.2321703565917
059-02,first,123000.0,117350.0,0.363247887580296,36.896332048713106,1742.843927871015,0.361155260030062,36.894925860598896,85.4000027328,8.400000268802387,88.39367491947178,214.07786578507404
061-01,first,123000.0,120333.33333333333,0.337732070708597,36.909131964676796,1647.7289345273205,0.3360785429509689,36.9075162892999,80.500002576,9.00000028799218,72.07724243920052,224.5285215156717
061-02,first,6000.0,141300.0,0.337741537660507,36.9091318725579,1647.7728798287415,0.335160007170344,36.9075544916914,84.4000027008,5.000000159998081,76.29197478330435,211.59703749442122
061-03,first,149000.0,144350.0,0.337736682762847,36.9091308215055,1647.751761728067,0.335157202337117,36.9077719014402,75.20000240640002,19.800000633591253,124.439124913722,207.93971802839823
062-01,first,263000.0,260500.0,0.373306088813285,36.9148113909823,1643.0310584770057,0.374786639965601,36.9168255437759,75.60000241920002,8.300000265604695,108.03656283424912,53.864240289636925
062-02,first,26000.0,142300.0,0.373279819973254,36.914809951787,1643.1383582804294,0.375738378076939,36.9163252414768,75.40000241279999,18.500000591987373,62.1164279257805,31.81848020296375
062-03,first,195000.0,201700.0,0.37328312654905,36.9148256315233,1643.1307898801736,0.3757343796780971,36.9166378203044,76.000002432,21.400000684797305,136.15176441543574,36.65872217372855
063-01,first,335000.0,341300.0,0.313740210429078,36.8862270917646,1779.2964436374755,0.311875845895435,36.884136757023796,65.40000209280001,13.100000419208982,56.37771973854143,228.46097975430897
063-02,first,206000.0,199400.0,0.313731088879726,36.8862339340429,1779.279842136963,0.311869345287715,36.8841448128072,65.60000209920001,23.00000073600745,162.51125995427,228.48447208833457
063-03,first,158000.0,161450.0,0.31373235078640804,36.886237221201895,1779.2882649372166,0.311879760674033,36.8841643298665,65.60000209920001,19.10000061120104,63.26592678235919,228.4028356711704
064-01,first,158000.0,142650.0,0.307541905614578,36.87940453576071,1770.496882855896,0.310889195899609,36.882586734628404,65.40000209280001,7.000000224002179,66.71470309475252,43.74342274834333
064-02,first,219000.0,290500.0,0.307546690561438,36.8794027614603,1770.467219754948,0.310463950048602,36.8830741200474,65.8000021056,21.200000678388278,146.83998390849237,51.71625003952275
064-03,first,200000.0,196250.0,0.30753537564792305,36.8794069942605,1770.5372880571988,0.310462241946153,36.8830975536655,65.60000209920001,22.000000704001422,75.81276670229276,51.76997633769098
065-01,first,223000.0,243900.0,0.30754933754041,36.8794063879839,1770.4373125540058,0.311853019588267,36.878831021482796,66.20000211840001,7.600000243208797,75.50404058738168,352.3345860924846
065-02,first,204000.0,212400.0,0.307529460022083,36.879396596544794,1770.6106523595429,0.311850533708117,36.8788277680373,65.70000210239999,21.100000675205138,67.98176594697696,352.4508243289956
065-03,first,167000.0,164550.0,0.30753443634155503,36.8793866441519,1770.603328159317,0.311857424398261,36.8788255493297,65.500002096,17.900000572811223,72.79038938600097,352.55556256377605
066-01,first,246000.0,253500.0,0.313743121252111,36.884666560767,1778.7794758209488,0.313551883150427,36.88756248139161,80.30000256960003,7.100000227205101,149.48320707023066,93.7529884827871
066-02,first,173000.0,168000.0,0.31373575603036,36.8846557224377,1778.747981719924,0.31629783563695,36.888648543682606,80.6000025792,20.90000066879793,91.34263300659354,57.48713628246697
066-03,first,140000.0,286500.0,0.313738985303065,36.88465456459971,1778.7610432203544,0.31541163027888897,36.8890119075953,81.000002592,13.300000425622784,126.56990871292027,69.12793072634922
067-01,first,84000.0,92800.0,0.33422122308199104,36.9066009199749,1640.1893835860512,0.333265883685932,36.904784323308704,75.7000024224,7.300000233604123,173.51982574515762,242.4181768430039
068-01,first,184000.0,192800.0,0.37674852648968493,36.9245188346447,1626.9415803621375,0.3738495870358571,36.924067719801606,75.00000240000001,8.800000281604298,61.108686626446335,188.90354049761075
068-02,first,157000.0,151166.66666666666,0.376744344856793,36.9245242643659,1626.9656282628962,0.37385130676401296,36.9240976467009,75.80000242560001,18.20000058240589,73.36349169653975,188.44412583770088
068-03,first,247000.0,250550.0,0.37673001328947103,36.92451853749871,1627.001150664028,0.37366573419930493,36.9242998610607,75.50000241600002,22.70000072640073,95.20922836832486,184.10921190285163
069-01,first,110000.0,128000.0,0.3646238963510471,36.8985401008385,1716.3838440242678,0.36578370401461696,36.900955296542,50.9000016288,5.600000179185372,60.768213202030424,64.4984862442531
070-01,first,402000.0,398700.0,0.35461411299604706,36.8888804864309,1771.5891679908539,0.35596195699430505,36.8817552361321,85.30000272960002,4.70000015038795,66.78876826882001,280.64191335164105
070-02,first,191000.0,248900.0,0.354611627413091,36.8888859478235,1771.5878252908014,0.3559039662576,36.881740417810704,86.40000276479998,17.300000553594373,61.85398555172746,280.1847101369408
070-03,first,211000.0,205100.0,0.354608992782676,36.8888860927144,1771.582820390646,0.355907671597157,36.881743870761596,85.30000272960002,19.80000063359944,78.4363890696537,280.2382605674595
071-01,first,68000.0,64100.0,0.36463456617708795,36.8985610572899,1716.2706848206549,0.36481896628793103,36.9000933970697,65.500002096,12.800000409603172,72.71302259071622,83.18344355297477
071-02,first,150000.0,146950.0,0.36463201443423504,36.8985506661415,1716.3523498232685,0.364497155400338,36.899468805698106,60.40000193280001,18.40000058879491,86.93701240365695,98.30103024129119
071-03,first,126000.0,141400.0,0.364625195179059,36.8985553406076,1716.2411438197225,0.364496929992962,36.899346393137705,60.60000193920001,19.100000611205587,73.46576143403828,99.14963911102784
072-01,first,133000.0,146200.0,0.364685964670322,36.9257815025477,1628.4055697089816,0.367059560275846,36.9276303827518,65.1000020832,8.700000278406833,101.81526969076636,38.10246914901663
072-02,first,129000.0,136800.0,0.36469246582622,36.925784649289,1628.4401156100698,0.367581789033269,36.9285954439445,65.2000020864,18.100000579203197,78.60192739462184,44.40247217791573
073-01,first,68000.0,101000.0,0.335867975363846,36.9072025017467,1643.1150427796897,0.3342630625854339,36.906887738795206,64.8000020736,7.300000233590254,68.15172191891773,191.16899424917898
073-02,first,95000.0,180300.0,0.335856807027793,36.907198705609105,1643.1154089796987,0.33416936921270696,36.9068865470354,65.90000210880001,19.200000614397823,148.83439579526072,190.5495221530075
074-01,first,0.0,119050.0,0.341404254782829,36.9110343736684,1645.2451698478292,0.33795659705927605,36.9088966656176,81.70000261439999,6.600000211203223,92.96488534195086,211.9730007227971
074-02,first,185000.0,188600.0,0.341420150146681,36.9110502635272,1645.11467664368,0.337847284139577,36.9088227310639,80.7000025824,19.00000060799175,73.97160279526554,212.11439345405947
074-03,first,156000.0,146450.0,0.341419678436308,36.9110526457055,1645.0875770428022,0.337848593851672,36.90882226393,80.9000025888,19.800000633596028,105.74666550834634,212.16025606690832
075-01,first,189000.0,192266.66666666666,0.353936662956496,36.919722082345295,1671.8982469007556,0.355671042235338,36.9179971223312,70.4000022528,9.50000030400065,87.48226920034743,314.9641455664077
075-02,first,147000.0,127700.0,0.3539373863749849,36.9197217292131,1671.9049607009424,0.35539989659471205,36.9180304697947,70.80000226560001,20.10000064320093,116.66331113047913,310.66172579601124
076-01,first,190000.0,194150.0,0.352821033222062,36.883415534304795,1768.5715897942925,0.356819288715339,36.8854827142326,80.6000025792,15.700000502421744,558.0254467120069,27.496737009349314
077-01,first,92000.0,70050.0,0.349714655687199,36.8934929030363,1764.9834548794825,0.347721694731581,36.8947417631194,85.00000272,9.700000310398309,407.98539771044324,147.754346354088
078-01,first,150000.0,175400.0,0.347650901343863,36.8999728501534,1741.3106026219389,0.341540583249326,36.90003088521829,40.400001292800006,9.800000313614419,130.69344065603605,179.4521705963655
078-02,first,178000.0,193100.0,0.34764889177283803,36.8999819809218,1741.3977608247314,0.34146811650575504,36.9033280269607,50.700001622399995,12.000000383991846,160.68412267287647,151.40951682227518
078-03,first,320000.0,330000.0,0.347654664111624,36.899984413294796,1741.526789128869,0.342218899774728,36.9055280276536,50.3000016096,30.20000096639251,201.98071801495388,134.24533963579333
079-01,first,97000.0,94250.0,0.34764692860345403,36.89998385372579,1741.3897041244825,0.344925200497904,36.8994404020307,40.8000013056,5.300000169592977,56.96301887986802,191.36576041903348
079-02,first,165000.0,162200.0,0.34765261818761306,36.89998034240811,1741.4386543260275,0.3440155840329289,36.90513002932,50.2000016064,22.500000719994887,138.37347824843232,125.05149194490706
080-01,first,83000.0,85200.0,0.347663813965073,36.8999723127573,1741.5209297286804,0.341826073241112,36.9008675517513,30.500000976,14.700000470396844,60.912124065277595,171.22371299651815
080-02,first,197000.0,236200.0,0.3476627802313981,36.8999664764931,1741.4266914256561,0.3414441551999169,36.9007534056765,20.500000655999997,19.800000633580794,130.6295047275923,172.73994138258587
080-03,first,74000.0,212700.0,0.347663061788932,36.8999666039108,1741.4331612258534,0.340807584916759,36.90058739732429,20.7000006624,19.700000630414934,82.99497434723008,174.79114104802028
081-01,first,143000.0,147200.0,0.350441039084263,36.8961506877719,1765.4211990934814,0.349991436488517,36.8931332689925,80.500002576,6.200000198403359,125.43804317004583,261.5809141380775
081-02,first,135000.0,128266.66666666667,0.350453079881089,36.8961519396905,1765.4362136939426,0.34755753105610304,36.8947260814523,90.90000290879999,20.200000646406124,124.83374104434446,206.36948189738072
081-03,first,253000.0,259650.0,0.350444270729046,36.89614217258821,1765.4334060938784,0.346842610389546,36.8956164288933,80.6000025792,20.800000665597963,217.38236464834398,188.3599873257856
082-01,first,187000.0,186000.0,0.355954748247551,36.8882760479037,1775.1277423040801,0.355588010301568,36.883243107202794,90.3000028896,6.100000195204302,104.62784213417832,265.86010149367416
082-02,first,21000.0,278600.0,0.355961705764353,36.8882905127553,1775.129939604171,0.355979158009348,36.8816602697161,95.4000030528,23.20000074240488,260.08435344402693,270.14982855335745
082-03,first,299000.0,304900.0,0.3559516841979221,36.8882828172022,1775.115291203689,0.356124639551022,36.88076424346311,95.500003056,18.5000005920042,78.77140856865968,271.309015375497
083-01,first,67000.0,151200.0,0.350323561728701,36.897329502200996,1765.3914138925186,0.353696141021598,36.8929067335501,85.500002736,9.600000307207438,124.44193209642644,307.1424506411235
083-02,first,146000.0,142950.0,0.350327694803198,36.8973392395742,1765.403376792921,0.354447400723622,36.8922585163165,84.9000027168,19.90000063678167,102.90473248359345,308.84929056457247
083-03,first,180000.0,190900.0,0.350320743288488,36.8973220922401,1765.3832351922592,0.35254731462862104,36.8923772242889,85.10000272319999,26.400000844800843,171.82382625730958,294.0977139217148
084-01,first,397000.0,395050.0,0.339158568124663,36.91002733972039,1646.2677528805764,0.33716380267059604,36.9082487686535,76.70000245439999,37.70000120639975,924.7869843968135,221.91154707267484
084-02,first,67000.0,120100.0,0.33915878360035395,36.9100267976969,1646.2723915807223,0.33711466024486497,36.90858606892,70.4000022528,20.40000065278582,68.3076819823011,215.357708272495
084-03,first,61000.0,133500.0,0.339149278723249,36.9100263847798,1646.2776405808718,0.337061285291667,36.908639917757895,71.4000022848,20.800000665603193,133.29933611341173,213.76202757317532
085-01,first,141000.0,144550.0,0.31838518099796104,36.90286520665021,1690.2023245864664,0.3152351523602589,36.9021797245151,95.7000030624,19.500000623998858,74.28834761649401,192.35683661105068
085-02,first,199000.0,167050.0,0.318392360766979,36.902857124353396,1690.2538382881125,0.315225185478287,36.9026512797116,99.9000031968,18.200000582404527,145.39246791652326,183.7435353443963
085-03,first,155000.0,158350.0,0.318390080326857,36.9028633134091,1690.1989065863631,0.31517102954237497,36.9026956842466,90.2000028864,18.60000059519234,69.59090114995193,183.00094090153002
086-01,first,78000.0,143750.0,0.311969847151728,36.9075262137814,1648.5575478538447,0.315007874488674,36.9079208045148,75.1000024032,9.400000300780448,64.84861895035104,7.449572167796204
087-01,first,140000.0,142850.0,0.33952905666717,36.901874212627,1679.5321582450335,0.336108000597843,36.904852961371,75.00000240000001,7.100000227193732,133.38869306849477,138.7633846882974
087-02,first,123000.0,112450.0,0.339525670965259,36.9018762227473,1679.5093310442871,0.336097815047931,36.905052585482004,75.50000241600002,19.900000636807135,82.31419977073062,136.98938793044897
087-04,first,184000.0,153800.0,0.3395426262194289,36.9018919035098,1679.5676807461703,0.336183338584733,36.9049894757039,75.60000241920002,21.20000067840442,151.2461549663955,137.12974527487307
087-05,first,184000.0,186650.0,0.3395454296929181,36.90189281303729,1679.580986346595,0.33470896657841903,36.9057976189413,75.40000241279999,19.20000061439987,137.84442497956758,140.89594758151028
088-01,first,111000.0,105900.0,0.343862359884498,36.9119996884765,1641.1845007179058,0.340987717166402,36.911563990126,81.4000026048,5.300000169617078,58.34862343916934,188.6755512537251
088-02,first,164000.0,158750.0,0.343845130038142,36.9119785944661,1641.383841624268,0.34102060274678403,36.912158538321705,80.40000257279999,23.00000073598835,118.37104980806241,176.3303151193676
088-03,first,211000.0,192450.0,0.343868248063327,36.9120001450413,1641.212332818808,0.340263278611242,36.912354366525,80.40000257279999,24.20000077439522,149.36290840982286,174.35069894395056
089-01,first,114000.0,117700.0,0.35392917376013205,36.919697768853396,1672.076469506433,0.35543999217427097,36.9182848174273,70.2000022464,7.700000246405125,101.134136975516,316.725662773413
089-02,first,148000.0,156300.0,0.353940618264147,36.9196895453993,1672.2061082105793,0.355183960145739,36.9182131229769,70.2000022464,24.500000783999894,86.32924181670988,309.9128308383961
090-01,first,297000.0,295100.0,0.368476612675007,36.9024155218666,1683.7589649802774,0.367803324451015,36.9038189919897,80.40000257279999,28.400000908788343,1211.7358991653578,115.47917428500507
090-02,first,137000.0,133900.0,0.368492381332563,36.9024418854675,1683.5162892725086,0.3653464936313111,36.90340473711029,80.00000256,26.30000084160565,109.3223776242594,162.87472338972515
090-03,first,173000.0,175500.0,0.3684724755393379,36.9024080425,1683.8281788825,0.3648482585452271,36.902056263656995,80.30000256960003,24.800000793589334,140.09959101433878,185.58097096980498
091-01,first,149000.0,152250.0,0.0376306236020058,36.87934369738621,1827.3665135757321,0.0317461396624981,36.8820465484305,74.1000023712,6.600000211198449,180.10725898877723,155.18352804637595
092-01,first,209000.0,206500.0,0.0544827843356574,36.878597274359606,1824.0928317709825,0.0516238052629622,36.8753924865435,85.90000274879999,29.800000953597646,249.0684197154338,228.45506028356112
093-01,first,154000.0,158966.66666666666,0.08051374837988,36.8784515384398,1808.9104582851214,0.0753212642184723,36.879490185814795,85.80000274560001,5.600000179200833,131.63724636865615,168.61423071850544
093-02,first,146000.0,148550.0,0.0805171792151542,36.878448521875,1808.9251066856045,0.0765958904934504,36.879204726368606,85.7000027424,17.00000054399061,65.67912631148644,169.01296877846596
093-03,first,129000.0,116450.0,0.0805026343895607,36.8784551592191,1808.8856779843447,0.0775899597037245,36.87866003931121,95.00000304,9.400000300790907,148.25197074424557,175.94936855940531
094-01,first,138000.0,135050.0,0.0316368636105516,36.8844107867753,1803.4414639101224,0.0289789272563057,36.88867309921729,85.80000274560001,7.000000223993993,83.5360431096742,121.77472549912069
094-02,first,234000.0,230100.0,0.0316474924378896,36.8843907971188,1803.515194412476,0.0284565940495159,36.8895495151923,90.3000028896,16.400000524799225,98.81699919006367,121.56673657782697
094-03,first,313000.0,309200.0,0.0316402410707534,36.8844013361,1803.4739347111704,0.0288904503460266,36.888893829677,89.500002864,41.40000132479554,995.2592728321242,121.29910542758375
094-04,first,154000.0,201200.0,0.0316484361460581,36.8843831482351,1803.5387540132406,0.0283993028904888,36.8896378960394,90.4000028928,18.900000604787465,89.18759288208042,121.55758498438897
095-01,first,113000.0,104500.0,0.0736399395050219,36.872375474636996,1819.2178316149825,0.0693220082127125,36.8694857193014,84.8000027136,4.800000153603605,70.1678912065133,213.97032502661727
095-02,first,170000.0,145550.0,0.073646929215256,36.872371099484894,1819.210263314732,0.070299074317039,36.871871818990606,85.500002736,21.60000069120042,179.56998686531352,188.53857814690923
096-01,first,136000.0,128433.33333333333,0.00654609787064815,36.900322111063,1803.9331632258534,0.0123688185164208,36.9027170768135,75.7000024224,6.600000211210727,67.61150799287279,22.493756723934435
096-02,first,181000.0,156900.0,0.0065432115203173,36.9003265759097,1803.9415860261374,0.0137729741686387,36.9018970407837,75.50000241600002,22.800000729600697,361.3866281572155,12.335596076102634
097-01,first,170000.0,153550.0,0.0460924952797725,36.8669167414337,1825.0848973027225,0.052923105155035004,36.8664839386216,120.80000386560002,11.60000037119653,265.55017709503454,356.3500902691385
098-01,first,105000.0,181600.0,0.0461417934691011,36.866934713841,1824.9675876989572,0.0362280121676385,36.8702757982369,120.2000038464,8.500000271997123,162.60868141461287,161.25867712815062
099-01,first,226000.0,210050.0,0.0769798738016295,36.8736590285058,1814.7492035719667,0.0704204097047528,36.8697808256499,120.80000386560002,16.100000515206375,83.91195067344567,210.76203711437205
100-01,first,140000.0,139000.0,0.0615054789033151,36.8727211848894,1822.4262058176366,0.0698262615044656,36.87253770540849,120.80000386560002,7.800000249596906,179.35005120310896,358.72828024929873
101-01,first,245000.0,247300.0,0.305868263980141,36.8800455250839,1776.0447345334396,0.307896964196992,36.8833698393491,81.000002592,27.700000886397902,268.6758503823309,58.7763864066595
101-02,first,244000.0,282600.0,0.30585261882243897,36.880047386779296,1776.0435138333967,0.30807508928874605,36.8836256531663,59.000001888,29.100000931213344,252.2030168442401,58.32732804530443
101-03,first,161000.0,158850.0,0.305856189479275,36.8800514853307,1776.0363117331551,0.30840277630956897,36.8838128984667,59.70000191040001,20.900000668791563,79.83995470215773,56.0788906197602
102-01,first,145000.0,110500.0,0.28929746752658697,36.8890189209124,1714.1130919516283,0.288828732002485,36.8860071463956,80.1000025632,10.300000329595832,181.22471925911003,261.2119669627041
102-02,first,311000.0,314950.0,0.28929285897274604,36.88901211554821,1714.1068663514304,0.28884143564460496,36.884723719117,81.000002592,21.800000697624682,75.65621682551472,264.03069060930136
103-01,first,147000.0,144750.0,0.3790056644947461,36.9222657050561,1621.0735381743539,0.3775176725337829,36.924073614988714,75.30000240960003,14.80000047359431,76.04577469348843,129.26783610308308
103-02,first,119000.0,116300.0,0.379001475937068,36.9222477791967,1621.1195586758206,0.377255483003769,36.9237252381705,70.50000225600002,17.900000572788713,70.40908162460576,139.5728483505272
103-03,first,130000.0,132800.0,0.378999676727094,36.92225407948071,1621.098684675171,0.3765090109652221,36.923177496455395,70.4000022528,18.500000592008064,86.02265299491887,159.5323347797046
104-01,first,129000.0,126700.0,0.353886341316019,36.897184736453795,1769.5814775266192,0.35304732442632303,36.893078492917105,120.500003856,7.800000249581444,171.81610675073847,258.5269255819193
104-02,first,156000.0,265200.0,0.353883883722921,36.8971746120611,1769.5596269259213,0.35267460707514897,36.8920275672348,100.50000321600001,4.600000147206629,56.74362961492913,256.86359394654147
104-03,first,144000.0,187800.0,0.35388370528157304,36.897190488209,1769.5913652269144,0.3528141952217921,36.8920298083245,101.00000323200001,21.90000070079691,133.17394203990017,258.36768231077264
105-01,first,136000.0,133050.0,0.3544281866579229,36.919028609429795,1675.6132128196125,0.35070344840846696,36.9172259534165,90.6000028992,11.300000361600269,77.41536464686952,205.97631546949506
105-02,first,215000.0,208950.0,0.354429987637012,36.919025346819296,1675.6241991199668,0.3501968679927689,36.9179382613835,80.1000025632,23.20000074239738,136.1226098959131,194.4953307818616
106-01,first,178000.0,70400.0,0.35443669083866003,36.9190213639004,1675.660942321146,0.3566273860065,36.918290086683605,90.7000029024,13.60000043518994,54.75826334677317,341.42488732546343
106-02,first,138000.0,136100.0,0.35443256123798994,36.919014893833705,1675.6429979205705,0.356093427076115,36.9182403515189,85.60000273920002,19.50000062400204,64.56600107244856,334.8507769003895
106-03,first,121000.0,119100.0,0.3544313903006429,36.919023185496,1675.6326220202561,0.35617840504158504,36.918178694630896,85.10000272319999,16.500000528002147,69.4708944634309,334.0506352266189
107-01,first,294000.0,296500.0,0.376646726204369,36.9241177423292,1626.5809846505952,0.375466059215403,36.9262847500605,85.80000274560001,24.100000771203895,60.84666457762578,118.42233013078058
107-02,first,126000.0,123350.0,0.3766474620631141,36.924102926793296,1626.5571809498356,0.375351978445316,36.9263752276897,65.500002096,18.20000058240612,64.99759844923578,119.52354300417666
107-03,first,127000.0,123550.0,0.3766265210268421,36.924128817184,1626.6559358529908,0.375231850941815,36.9265115771069,65.3000020896,19.700000630396744,81.98724575904899,120.17420078491814
108-01,first,178000.0,180100.0,0.37662614253685706,36.9241221873707,1626.6473909527224,0.380530950840191,36.921732785601286,89.70000287040001,5.300000169600935,83.30541087053005,328.36598119549075
109-01,first,244000.0,247350.0,0.358282826570868,36.893239542564295,1768.1076004794488,0.355324009684388,36.8880211663157,120.80000386560002,28.400000908796756,63.68457161161581,240.61115717000797
109-02,first,361000.0,359200.0,0.35828079530974605,36.893237859052896,1768.1204178798541,0.35621764575475795,36.887298139538395,100.6000032192,29.3000009376035,372.94829193957094,250.9640740574764
110-01,first,158000.0,161150.0,0.350523544199933,36.8971066819657,1765.9739335111703,0.35415152442736103,36.8898798293427,120.30000384959999,7.700000246397622,92.9148254647449,296.50374554401066
110-02,first,162000.0,147900.0,0.35052415966036404,36.8971100373263,1765.9756424112327,0.35399384298406705,36.888642746896,121.6000038912,15.000000479999471,58.71054906207455,292.148292370731
110-03,first,216000.0,218350.0,0.35052524290776593,36.8971299332301,1765.9788163113105,0.353796888496992,36.888635383562395,110.50000353600001,21.20000067840283,100.14525647989234,290.93564970300815
110-04,first,226000.0,200533.3333333333,0.35051968683768603,36.8971295665923,1765.9627030108172,0.353640168218882,36.8880874195513,115.00000368,14.100000451190226,141.38103557837795,288.9217594176581
111-01,first,87000.0,81300.0,0.375914681878198,36.9254400101137,1630.4994417759915,0.377099617927399,36.9237380886177,80.40000257279999,14.3000004576013,96.15602176057175,304.6672952960289
111-02,first,192000.0,146000.0,0.375905423866919,36.925458142113904,1630.5000521760003,0.376275867347981,36.9228729361915,70.30000224960001,18.40000058882879,99.1869346813607,278.1009281702691
111-03,first,147000.0,142800.0,0.3759099400377721,36.925447345194,1630.50261567607,0.376186205399971,36.9224843474353,69.4000022208,24.300000777597916,77.47862164013483,275.29143842691343
112-01,first,139000.0,178600.0,0.375914557434408,36.92544864650221,1630.4872347755952,0.379492782026707,36.921970900931896,80.80000258560001,15.800000505598518,55.47850314396237,315.6241315752358
112-02,first,219000.0,174650.0,0.375908110423716,36.9254399232334,1630.5187289765938,0.379490402582514,36.9219664292773,55.500001776000005,18.300000585601765,78.55305228457718,315.6917049076527
113-01,first,57000.0,55150.0,0.37413203805587,36.9266630685594,1632.4633090388204,0.372187942164791,36.928064238053295,74.9000023968,15.600000499200178,64.65745771037537,144.03639196296638
113-02,first,120000.0,128300.0,0.374142344079905,36.9266784227513,1632.3292758345278,0.372202351957261,36.927976027911,65.2000020864,17.700000566396056,64.89956143363167,146.04506120066063
114-01,first,203000.0,182850.0,0.371701466963116,36.9135445717747,1649.505790084174,0.37431222893312,36.9155831393511,65.60000209920001,14.400000460788306,61.84082150617574,38.170100845747214
114-02,first,159000.0,155250.0,0.371696891331428,36.9135383655162,1649.5147011844822,0.374402277285361,36.9157325035609,70.50000225600002,16.300000521606762,60.31979276777,39.23074585721599
114-03,first,154000.0,151950.0,0.371722298812767,36.913535345391296,1649.4291298817416,0.37454444805336295,36.9158171329872,70.60000225920002,17.500000560000444,82.96335600401135,39.1442001665005
115-01,first,221000.0,187000.0,0.35454761089640296,36.887997035518,1771.9742999031796,0.3525787988809,36.896864638263104,120.00000384,15.700000502384682,88.03512590693963,102.43695255050547
115-02,first,224000.0,214350.0,0.354549595225994,36.888005320046794,1771.9666094029394,0.35236491899316497,36.8980643379293,105.2000033664,18.700000598418455,130.40195484814967,102.1741535835771
115-03,first,285000.0,264800.0,0.35455459728881394,36.8880118994881,1771.960872102735,0.35319934253504603,36.900307867041796,115.00000368,19.40000062080503,139.5350652421557,96.2480314477698
001-01,second,674000.0,658100.0,0.0712982061176619,36.9597190631806,1800.5053066161804,0.0710085547647974,36.9629069048462,88.10000281920001,6.500000208005304,9.143676153868846,95.15714638268881
002-01,second,624000.0,605700.0,0.06926088995317199,36.9624021011956,1801.842098658933,0.066897125130475,36.9652250384637,88.30000282559999,5.900000188799595,118.93563851811456,129.7515630035179
003-01,second,527000.0,516850.0,0.0692644492478215,36.9623954143999,1811.0458831534768,0.0697508777732034,36.9646456074045,86.2000027584,8.100000259197486,12.534614003253235,77.88118301921182
004-01,second,420000.0,1044300.0,0.0607091997939794,36.94260665372121,1794.822201034301,0.0584124701904399,36.9415461286499,74.7000023904,7.000000223993084,10.449057416706264,204.93212317046215
005-01,second,584000.0,566600.0,0.0621055331178673,36.933623308765604,1788.7455406398694,0.0648115879480985,36.9277958954443,80.6000025792,9.00000028798604,10.145760311140329,294.76189605497166
006-01,second,565000.0,556900.0,0.0621205161852688,36.9336338018285,1788.6721519374923,0.0642831443038521,36.9306382153804,86.7000027744,9.500000304003379,11.504916628506077,305.64452289802864
007-01,second,571000.0,566450.0,0.0637860710939868,36.9221976833989,1792.2470300519135,0.0613741640868202,36.9244081941197,78.4000025088,8.700000278407515,64.02795244186578,137.3030348748104
008-01,second,537000.0,524566.6666666666,0.0656895062273718,36.9677207659382,1806.8128019179944,0.0653839706014452,36.9652765492372,85.4000027328,6.800000217592242,25.89617837833238,262.921996816186
009-01,second,546000.0,538150.0,0.0670574093100021,36.965817292227,1804.3734708399481,0.0697257679036142,36.9642262978195,75.40000241279999,14.400000460800811,15.346790729269848,329.02518435954624
010-01,second,629000.0,636250.0,0.0697281862901696,36.96226517544649,1803.098080199137,0.0696553759085716,36.9580345165482,88.50000283199999,28.600000915196233,15.541805001898654,269.0206279515856
011-01,second,575000.0,570800.0,0.0603317509717302,36.9454250860028,1796.1355554763297,0.059452184758455,36.9434003886008,65.90000210880001,6.20000019841882,32.55083921011065,246.65928760833026
012-01,second,580000.0,583200.0,0.0606052534420595,36.9419011656779,1794.7372400315949,0.0627849520276292,36.9396177513834,85.80000274560001,11.500000367999519,34.55707249072785,313.4766084947453
013-01,second,522000.0,599450.0,0.355592288340235,36.919342600701604,1678.4293750097406,0.35478479078631103,36.9181491412092,85.500002736,2.700000086393402,17.33899954118945,236.09550654641177
014-01,second,628000.0,625950.0,0.369206399489052,36.908739038662404,1653.912650625213,0.3692109703736981,36.9108292730415,85.80000274560001,4.200000134401762,4.517880230048207,89.87553628658658
015-01,second,585000.0,589600.0,0.35984096340346905,36.8940277429413,1760.8208571462744,0.36224076885339096,36.8924836281785,89.4000028608,6.400000204806247,115.64520312632334,327.0665863555849
016-01,second,544000.0,542366.6666666666,0.303913810220721,36.8942110784731,1710.9995664519754,0.3032116920128089,36.8960460643878,75.40000241279999,7.200000230402338,23.429370647029277,110.81042124919114
018-01,second,420000.0,497400.0,0.359801264423224,36.8939980972101,1761.0040846521374,0.36100492547744295,36.8926681098023,75.7000024224,5.400000172801583,4.540040326320051,311.95479723129375
019-01,second,768000.0,774250.0,0.357672391222395,36.8938414477832,1771.1018632752443,0.356026137067011,36.8919313167459,86.60000277120001,8.200000262400636,47.020150104109824,229.4331312797785
021-01,second,623000.0,600000.0,0.312134026836451,36.88290074506279,1768.1768143816712,0.3082829026465431,36.88381408178,75.80000242560001,4.500000143999159,19.52506989092646,166.57168457335885
022-01,second,420000.0,542800.0,0.27493906729244605,36.876854409137394,1799.188289974019,0.270276046861844,36.8783281883048,75.80000242560001,8.500000272002808,5.972223321749086,162.3498013078947
023-01,second,566000.0,562850.0,0.320252404731363,36.8777205112554,1806.0072598922416,0.319970946527662,36.8802413227962,76.000002432,8.200000262398135,85.79677740208692,96.3286950427273
024-01,second,543000.0,541500.0,0.3367627230912341,36.871658341773795,1782.9573324546216,0.336569848060342,36.8762412836736,75.60000241920002,8.100000259206581,79.80092323621392,92.39380922359081
025-01,second,624000.0,621400.0,0.3526544726469329,36.8960321455987,1769.152766612887,0.3553913180567171,36.899120187255,85.20000272640002,5.7000001824026185,11.235979776652734,48.64071456114186
025-02,second,642000.0,636800.0,0.352651647486192,36.896039406715104,1769.1454423126559,0.356015733937199,36.8999749418046,85.90000274879999,5.100000163203731,9.450980861606386,49.66567304562872
025-03,second,680000.0,683400.0,0.3526602522634989,36.8960305602456,1769.1563066130002,0.353470828933071,36.9014496426427,85.30000272960002,4.70000015040182,11.55605515420731,81.54881849882062
026-01,second,520000.0,518400.0,0.3634296960390379,36.8965340851936,1739.8850654763107,0.363273318315849,36.8949317282592,75.1000024032,6.500000208002348,14.408809001962524,264.4629981146766
026-02,second,569000.0,587600.0,0.363433179524146,36.896543573369605,1739.7831367730514,0.3633656867297821,36.89517704788671,75.7000024224,3.900000124794815,17.982769508302116,267.191300309466
027-01,second,515000.0,511450.0,0.355542370226524,36.919351179213,1678.3069385058106,0.3520494734832629,36.9206014523101,86.10000275520002,4.600000147200035,219.42123697195694,160.18322890840807
029-01,second,420000.0,519650.0,0.307705973765198,36.87944944292229,1769.4299882217445,0.30522813941980703,36.8798944424124,75.7000024224,5.0000001600035375,16.011546171452622,169.7516417035482
029-02,second,615000.0,611833.3333333334,0.307689133601423,36.879444027491104,1769.5193437246287,0.30621020116824,36.8821968248576,75.80000242560001,6.900000220804941,119.98142626964021,118.08697512145454
030-01,second,564000.0,567600.0,0.3578051576539121,36.9199599812618,1669.9286423377218,0.35571158285195204,36.9195431527916,75.7000024224,4.800000153600422,4.437703898517343,191.3339961548286
030-02,second,532000.0,565200.0,0.35780695297152004,36.919943277060106,1670.1668014453303,0.35586591900094106,36.9196208646543,75.90000242880002,7.400000236794767,8.441910491482066,189.493144950545
031-032-01,second,650000.0,652366.6666666666,0.371605891655904,36.9034651832341,1676.6195604518205,0.370072905841859,36.9021754853883,75.30000240960003,3.600000115212879,5.405333921693451,220.26293238385028
031-032-02,second,524000.0,526850.0,0.3716032915580829,36.903462877111394,1676.6293261521369,0.37008063294333504,36.9025308721042,85.80000274560001,4.8000001536165655,34.1273242947965,211.64149032871947
031-032-03,second,502000.0,496633.3333333333,0.3715970569649361,36.9034619921775,1676.6429979525706,0.3720851516413421,36.9090888390944,85.10000272319999,5.400000172802265,631.0700906498021,85.07525189040223
033-01,second,586000.0,585450.0,0.35732642390681296,36.89421845342729,1771.4451250862555,0.35778415195700103,36.891252049265,84.8000027136,6.100000195221128,116.96919105098564,278.71414822224375
033-02,second,576000.0,579050.0,0.35733249925989,36.894224828967204,1771.4222978855096,0.357535324927137,36.889685060935705,85.4000027328,5.600000179198332,123.1771307686953,272.5410949041791
034-01,second,462000.0,623300.0,0.304515203462471,36.8773565768836,1789.8978843767416,0.30858000344218,36.879904528268,74.6000023872,6.700000214396368,93.95963294263538,32.25390786112687
035-01,second,558000.0,571500.0,0.30515069592415,36.8794113456835,1778.0761066984242,0.30635750109804,36.882476956870796,75.60000241920002,8.600000275202092,26.60548832589114,68.64303955180625
036-01,second,560000.0,564300.0,0.31804582506142703,36.886931090957,1779.4475667423105,0.322885720938517,36.8878636390979,84.10000269119998,7.500000240002009,6.988439208665225,10.977611398301796
037-01,second,738000.0,762300.0,0.35332049450678704,36.8836847200068,1768.8012041016366,0.34943202251201005,36.8849147187737,85.60000273920002,11.90000038080666,22.3486978340877,162.3361763920512
037-02,second,650000.0,653800.0,0.353317824313549,36.8836872395477,1768.7936357013812,0.34889597460342897,36.8858900614104,84.10000269119998,7.400000236796359,16.523144488326285,153.36552490070966
038-01,second,564000.0,562100.0,0.36335418790007895,36.896732513820794,1738.6990302383786,0.36476786879726,36.8986309319088,50.700001622399995,6.600000211201859,8.142253567719422,53.50993332600619
038-02,second,456000.0,600000.0,0.363357396147076,36.896733698788,1738.6691230374054,0.365658625000061,36.8991908136952,50.9000016288,11.00000035199946,229.5209317886884,47.06774596099752
039-01,second,593000.0,595150.0,0.30515004224736103,36.8794036814399,1778.115779599713,0.306251100570912,36.8843253249603,65.90000210880001,7.00000022400377,7.3076164315877215,77.47112773316115
039-02,second,660000.0,653800.0,0.305146082486313,36.8793887081209,1778.1912190021285,0.306397279020151,36.8841740333614,65.90000210880001,6.7000002144043265,6.8644394034739955,75.44086846058838
039-03,second,656000.0,658200.0,0.3051470494148039,36.879394355169396,1778.162288301199,0.306621464323584,36.884513174405605,65.2000020864,6.400000204793287,572.8158540779036,74.03342002935929
040-01,second,521000.0,523800.0,0.280717696494981,36.8897855523821,1730.5364323771705,0.28172984979930105,36.891580675384,75.60000241920002,8.000000255986606,17.29573821094708,60.74823036508097
041-01,second,546000.0,548200.0,0.350064526826365,36.914646803579295,1650.227591907268,0.353297128680087,36.9143263106908,95.9000030688,5.800000185616227,24.11266536023791,354.30017419579656
041-02,second,544000.0,542850.0,0.350051754877908,36.9146518041834,1650.1366495043626,0.352860217389701,36.9146713946865,105.7000033824,4.800000153603605,13.487829353961175,0.40234741384326755
041-03,second,599000.0,601000.0,0.35006899213854803,36.914658476863714,1650.1581339050513,0.35192454509078497,36.914606729986,105.30000336959999,6.500000208023948,42.61694062952371,358.39184401494475
041-04,second,420000.0,628550.0,0.35006644460188696,36.9146630558945,1650.1129678036136,0.350227081855403,36.913886343704796,105.80000338560001,6.3000002016212875,21.15995583973252,281.6091184750862
041-05,second,551000.0,553100.0,0.35006563334253804,36.9146539837755,1650.1780313056836,0.35259227575175,36.91504879747921,115.80000370560002,5.700000182395797,102.21119413553876,8.939953468014682
042-01,second,503000.0,502500.0,0.3395206949993489,36.910290375771,1645.5842811586829,0.33855500462782,36.9088395591041,75.60000241920002,6.000000192004336,6.348984637106495,236.52835135669474
042-02,second,542000.0,538850.0,0.33952324032493897,36.910267242279296,1645.7837440650858,0.338162783098898,36.9083176166015,75.30000240960003,8.20000026239859,42.47941358516989,235.27242513362015
043-01,second,528000.0,539200.0,0.35669983464098903,36.9196071703674,1676.4387743460431,0.35484242748745703,36.918761129496296,84.8000027136,7.90000025278664,37.155880437029396,204.63413321439052
045-01,second,610000.0,609150.0,0.35367372898883,36.883673288497,1769.4069170210087,0.34842217993733504,36.882948813894004,85.80000274560001,4.300000137605139,15.747288300797416,187.90675295154043
045-02,second,598000.0,595950.0,0.353682474925863,36.883680947911294,1769.4213212214913,0.34849071215191496,36.8835040110001,85.7000027424,5.500000176001095,56.26918780212806,181.96501051248143
045-03,second,549000.0,545900.0,0.3536711711905611,36.8836862902759,1769.3805498201793,0.348893725799389,36.8836134525947,85.30000272960002,7.800000249602817,106.30677944043029,180.87934208342028
046-01,second,547000.0,545600.0,0.34964923431939304,36.8976974940326,1763.1294509201468,0.352990466399181,36.89581008545621,100.6000032192,5.4000001727974904,243.08268820997165,330.3739727874045
047-01,second,527000.0,524900.0,0.356698197484656,36.8968498357407,1770.5206865566556,0.35450868203513103,36.8995714702578,99.500003184,5.4000001727938525,72.64857731729263,128.62888674840184
047-02,second,595000.0,593300.0,0.356690786535264,36.8968518663759,1770.5314287570154,0.35329822882334394,36.9011127803055,100.7000032224,7.5000002400063295,32.54945397620864,128.34008983100793
048-01,second,570000.0,567200.0,0.3693083698740189,36.9024630153067,1683.448296070329,0.372141015075136,36.9052879484616,75.80000242560001,8.900000284788803,66.86158171915078,45.11370555698984
049-01,second,556000.0,554300.0,0.3079807482701229,36.8793957133504,1768.3859208883441,0.313248278720475,36.878679115660894,95.3000030496,4.300000137599454,10.432648922696561,352.2015550199016
049-02,second,714000.0,708750.0,0.30798449566260605,36.879387218603,1768.3943436886286,0.313131918608107,36.8786727803989,95.500003056,7.700000246405352,5.20024417090608,352.0456405376543
050-01,second,539000.0,536750.0,0.307985358990954,36.8793943399502,1768.36980758782,0.313135830211002,36.881410200815395,75.50000241600002,6.200000198390171,10.821357857107131,21.50569509613546
050-02,second,692000.0,690650.0,0.307992690791099,36.87939753667821,1768.3284256864945,0.313061093500199,36.8815492872494,75.40000241279999,7.00000022399081,42.35084354983448,23.141711612485082
050-03,second,612000.0,610000.0,0.3079905500174461,36.8793972714031,1768.3385575868194,0.313506699722419,36.882865438796394,75.40000241279999,5.700000182411031,10.336154541206053,32.33206792034508
051-01,second,666000.0,662650.0,0.328584987794418,36.907059734970495,1633.8605258835282,0.32287982765513,36.9045605136736,85.7000027424,5.600000179213566,42.67279138071724,203.79788967677487
051-02,second,628000.0,625800.0,0.328597770489691,36.9070623549475,1633.8342807826832,0.32210235436448303,36.904908757125504,85.10000272319999,7.000000224008545,71.77495764107543,198.45827501372133
052-01,second,501000.0,499250.0,0.34583028462249704,36.91337841882071,1644.590140526872,0.3434602962243901,36.9115389580849,75.40000241279999,5.100000163206232,4.862797193269902,218.00279698704622
052-02,second,442000.0,566850.0,0.34582689137468897,36.9133927225511,1644.4735633231562,0.34358136870808603,36.91158295527421,75.1000024032,7.100000227198279,12.333727297856996,219.05455242145163
053-01,second,499000.0,496800.0,0.35651041293032704,36.9195166567428,1677.4210741774664,0.3545574703814621,36.919310974637,95.500003056,2.2000000704006197,5.425425212110774,186.05227743767992
053-02,second,540000.0,539050.0,0.3565106158367321,36.919533111814,1677.2434618717925,0.354204254854148,36.9193113980008,96.00000307200001,6.0000001919961505,8.009023878209117,185.52772489030554
054-03,second,616000.0,614900.0,0.354651255378706,36.897587257874605,1770.50786915625,0.351586344810527,36.897814829168794,105.7000033824,7.700000246401487,416.2074526743309,175.72511727689513
055-01,second,517000.0,515100.0,0.297835847656255,36.8800340600574,1737.6509345048355,0.29650320919773904,36.8815730607715,75.40000241279999,6.600000211193674,8.002916299566145,130.69969354606056
055-02,second,584000.0,582200.0,0.297830024171167,36.8800306331347,1737.669855405424,0.29652879870258303,36.8817654012811,75.40000241279999,6.6000002111923095,8.54841829303741,126.68886553797198
056-01,second,533000.0,529666.6666666666,0.308055157789741,36.87938533959,1768.0911210789207,0.31273079841176,36.88081746467829,85.80000274560001,4.500000143993475,13.52431327661828,17.137385086524088
056-02,second,583000.0,579966.6666666666,0.3080609447275661,36.87938831652379,1768.0571854778354,0.312683889086037,36.8812688733716,95.6000030592,7.100000227192822,156.3850329676791,22.27023014598992
057-01,second,543000.0,542050.0,0.337535482694552,36.9089563919775,1646.9645302028634,0.33368655151409304,36.906862954743,65.40000209280001,4.900000156800843,11.508277179701535,208.70322482843534
058-01,second,514000.0,511250.0,0.3696585400782029,36.9022765343548,1684.6000295071979,0.371158520671555,36.903323876965295,75.7000024224,5.30000016960139,25.455657289896017,35.10446638414289
058-02,second,533000.0,529300.0,0.369655087204526,36.9022756243038,1684.6056447073875,0.37125439650623,36.9031393432869,75.40000241279999,2.4000000767960046,3.8717920152095098,28.532290267268092
059-01,second,529000.0,525950.0,0.363246666130954,36.896313352024606,1743.0154366765055,0.361044626546427,36.89456670899271,75.1000024032,4.900000156800161,5.87052008194395,218.60817031589428
059-02,second,543000.0,537350.0,0.363247887580296,36.896332048713106,1742.843927871015,,,,0.0,0.0,
061-01,second,543000.0,540333.3333333334,0.337732070708597,36.909131964676796,1647.7289345273205,0.33566540092472,36.9073557593431,75.60000241920002,5.900000188788226,16.216067438994518,220.86734897475435
061-02,second,426000.0,561300.0,0.337741537660507,36.9091318725579,1647.7728798287415,0.335249890400426,36.9077447367246,75.00000240000001,3.4000001088045337,11.73406968924183,209.2687400068025
061-03,second,569000.0,564350.0,0.337736682762847,36.9091308215055,1647.751761728067,0.334519893452282,36.90721016878479,75.30000240960003,5.400000172792716,139.96987290624674,211.0094430914123
062-01,second,683000.0,680500.0,0.373306088813285,36.9148113909823,1643.0310584770057,0.375554961312748,36.9163990075944,75.7000024224,5.700000182405802,18.686405166707832,35.40153972581218
062-02,second,446000.0,562300.0,0.373279819973254,36.914809951787,1643.1383582804294,0.375847744271551,36.916499841972296,75.40000241279999,5.700000182396025,10.830496915927021,33.52435153262356
063-01,second,755000.0,761300.0,0.313740210429078,36.8862270917646,1779.2964436374755,0.311871271244504,36.88413216646,65.1000020832,5.900000188801869,8.172658641219785,228.45366956078337
063-02,second,626000.0,619400.0,0.313731088879726,36.8862339340429,1779.279842136963,0.3118832968578969,36.8841696768105,65.60000209920001,7.300000233614128,5.941335969531797,228.35786825972548
063-03,second,578000.0,581450.0,0.31373235078640804,36.886237221201895,1779.2882649372166,0.311518150640818,36.884207707923295,65.500002096,12.500000400000545,387.5686036298035,222.69938035775135
064-01,second,578000.0,562650.0,0.307541905614578,36.87940453576071,1770.496882855896,0.310461899490249,36.8831071328687,65.60000209920001,5.500000176003596,6.264613679942432,51.92604454241114
064-02,second,639000.0,710500.0,0.307546690561438,36.8794027614603,1770.467219754948,0.310466373173269,36.8830851264825,65.8000021056,4.7000001503820386,5.630267186966879,51.77650960789636
064-03,second,620000.0,616250.0,0.30753537564792305,36.8794069942605,1770.5372880571988,0.311626531566772,36.8831332583145,65.70000210239999,5.000000159999445,95.95939159877337,42.518772427121995
065-01,second,643000.0,663900.0,0.30754933754041,36.8794063879839,1770.4373125540058,0.311854757151039,36.8788301678875,66.1000021152,8.000000256000249,6.2285734272381585,352.32641063030803
065-02,second,624000.0,632400.0,0.307529460022083,36.879396596544794,1770.6106523595429,0.311852183308858,36.878829330860206,65.500002096,5.600000179203107,5.79150577749863,352.47416709638316
065-03,second,587000.0,584550.0,0.30753443634155503,36.8793866441519,1770.603328159317,0.31183615926462105,36.8801602057279,65.40000209280001,7.500000240014742,193.1831952898985,10.26141492225306
066-01,second,666000.0,673500.0,0.313743121252111,36.884666560767,1778.7794758209488,0.314921427037382,36.888066746747896,80.1000025632,7.100000227200553,36.99489318808727,71.00514771376895
066-02,second,593000.0,588000.0,0.31373575603036,36.8846557224377,1778.747981719924,0.315985920190839,36.88868098413009,80.30000256960003,5.800000185604404,10.91814711523665,60.957585767963906
066-03,second,560000.0,706500.0,0.313738985303065,36.88465456459971,1778.7610432203544,0.31324545192736203,36.88827598125261,80.9000025888,5.5000001760065516,81.17093617780296,97.70934600900358
068-01,second,604000.0,612800.0,0.37674852648968493,36.9245188346447,1626.9415803621375,0.373836477149753,36.924060993239706,75.00000240000001,6.0000001920052455,7.274600198647536,188.99412231907203
068-02,second,577000.0,571166.6666666666,0.376744344856793,36.9245242643659,1626.9656282628962,0.373764964735219,36.9242647573896,75.60000241920002,4.200000134402217,10.584664447103112,185.01122740872037
068-03,second,667000.0,670550.0,0.37673001328947103,36.92451853749871,1627.001150664028,0.37287630373648,36.924310311473,75.50000241600002,9.400000300796364,135.7838558809639,183.11357015064357
070-01,second,822000.0,818700.0,0.35461411299604706,36.8888804864309,1771.5891679908539,0.355904806478655,36.8817673748159,85.20000272640002,4.900000156786291,6.562176961312073,280.2173991110371
070-02,second,611000.0,668900.0,0.354611627413091,36.8888859478235,1771.5878252908014,0.3559082467985179,36.88173802460671,85.500002736,5.800000185608496,3.247854576029897,280.2143857930023
070-03,second,631000.0,625100.0,0.354608992782676,36.8888860927144,1771.582820390646,0.355707445106065,36.8814924858958,85.20000272640002,7.400000236796586,256.099718861836,278.3949206488728
071-01,second,488000.0,484100.0,0.36463456617708795,36.8985610572899,1716.2706848206549,0.364815486081641,36.899979987278,61.000001952,6.200000198403586,3.8261237200774376,82.78171719931366
071-02,second,570000.0,566950.0,0.36463201443423504,36.8985506661415,1716.3523498232685,0.364532022640078,36.89938170832939,60.40000193280001,4.800000153597921,8.450133336202446,96.81554119219598
071-03,second,546000.0,561400.0,0.364625195179059,36.8985553406076,1716.2411438197225,0.36554064930738894,36.899530395842,60.500001936000004,10.100000323195445,216.21504519695884,46.99714561102364
072-01,second,553000.0,566200.0,0.364685964670322,36.9257815025477,1628.4055697089816,0.36728174736341296,36.9285244283987,65.3000020896,7.000000224002406,38.596859012104105,46.770257287353125
073-01,second,488000.0,521000.0,0.335867975363846,36.9072025017467,1643.1150427796897,0.334200506573698,36.9068980426788,65.00000208,5.600000179186736,4.17578479890516,190.4155525759103
073-02,second,515000.0,600300.0,0.335856807027793,36.907198705609105,1643.1154089796987,0.333012931870875,36.9060769427583,65.8000021056,4.100000131205661,5.2484614291926714,201.65804149519045
074-01,second,420000.0,539050.0,0.341404254782829,36.9110343736684,1645.2451698478292,0.337854981736987,36.9088436951667,81.70000261439999,3.300000105602521,4.966217257370733,211.8554855277914
074-02,second,605000.0,608600.0,0.341420150146681,36.9110502635272,1645.11467664368,0.337846142300701,36.90882071371529,80.7000025824,4.000000127994554,4.470158888596839,212.12950550176112
074-03,second,576000.0,566450.0,0.341419678436308,36.9110526457055,1645.0875770428022,0.338022083324633,36.9081551318978,80.7000025824,8.200000262398135,149.7018374123462,220.6475959762771
075-01,second,609000.0,612266.6666666666,0.353936662956496,36.919722082345295,1671.8982469007556,0.355611811271748,36.9180056637965,70.30000224960001,4.200000134402217,10.093982698460511,314.11104259124863
075-02,second,567000.0,547700.0,0.3539373863749849,36.9197217292131,1671.9049607009424,0.355296198635854,36.9180065818159,70.80000226560001,2.800000089604964,4.602850406351022,308.20112223439696
077-01,second,512000.0,490050.0,0.349714655687199,36.8934929030363,1764.9834548794825,0.34465215148124106,36.897174774354895,70.50000225600002,15.100000483202848,5.479210822528856,143.78950031112402
078-01,second,570000.0,595400.0,0.347650901343863,36.8999728501534,1741.3106026219389,0.341385391546326,36.8998930416226,40.500001296,12.700000406401386,219.07491497244436,180.734684749182
078-02,second,598000.0,613100.0,0.34764889177283803,36.8999819809218,1741.3977608247314,0.3417773493183631,36.90480569692429,50.800001625600004,7.500000239993824,68.89854781230873,140.40708883771194
079-01,second,517000.0,514250.0,0.34764692860345403,36.89998385372579,1741.3897041244825,0.344718984980618,36.900995591335004,40.6000012992,16.900000540799738,251.34833600557,160.81885578001925
080-01,second,503000.0,505200.0,0.347663813965073,36.8999723127573,1741.5209297286804,0.34164197121165096,36.9008479327897,20.3000006496,5.300000169598206,9.261635551438342,171.67192670839046
080-02,second,617000.0,656200.0,0.3476627802313981,36.8999664764931,1741.4266914256561,0.340980747875568,36.900586892727496,20.500000655999997,4.600000147184801,12.871198272755098,174.65993600628516
080-03,second,494000.0,632700.0,0.347663061788932,36.8999666039108,1741.4331612258534,0.3405014716296369,36.90046560360809,20.600000659200003,4.500000144012802,9.158978723329213,175.98752815116745
081-01,second,563000.0,567200.0,0.350441039084263,36.8961506877719,1765.4211990934814,0.34887388873429104,36.894025388890704,80.500002576,6.800000217602701,66.590171022802,233.7788584036653
081-02,second,555000.0,548266.6666666666,0.350453079881089,36.8961519396905,1765.4362136939426,0.34736380447968296,36.895315012593706,80.20000256640002,3.0000000960030775,23.364784068551508,195.25550237141533
081-03,second,673000.0,679650.0,0.350444270729046,36.89614217258821,1765.4334060938784,0.345019353839484,36.89624138707521,80.40000257279999,7.4000002367979505,158.25862855756435,178.94521318026275
082-01,second,607000.0,606000.0,0.355954748247551,36.8882760479037,1775.1277423040801,0.35548961424370296,36.882281365236395,95.500003056,5.200000166406426,16.151365426803515,265.5927637906313
082-02,second,441000.0,698600.0,0.355961705764353,36.8882905127553,1775.129939604171,0.356210446071445,36.8813140888203,95.4000030528,3.5000001119940407,9.394238389334522,272.0283854436613
082-03,second,719000.0,724900.0,0.3559516841979221,36.8882828172022,1775.115291203689,0.356147088094456,36.8807733470697,95.4000030528,4.200000134398124,4.412247095109619,271.4806353182943
083-01,second,487000.0,571200.0,0.350323561728701,36.897329502200996,1765.3914138925186,0.354170561317286,36.8923206660681,85.60000273920002,7.80000024961646,6.914495015523968,307.34059235927515
083-02,second,566000.0,562950.0,0.350327694803198,36.8973392395742,1765.403376792921,0.353098334975892,36.8924954457041,85.10000272319999,5.500000176001095,55.21310040864304,299.6043707527178
083-03,second,600000.0,610900.0,0.350320743288488,36.8973220922401,1765.3832351922592,0.35211115906703705,36.8923647128532,85.10000272319999,7.900000252794371,6.476821374448026,289.7355051414332
084-01,second,817000.0,815050.0,0.339158568124663,36.91002733972039,1646.2677528805764,0.33712087073783303,36.9085916624469,70.1000022432,5.500000175993819,4.369393468231752,215.3478717128975
084-02,second,487000.0,540100.0,0.33915878360035395,36.9100267976969,1646.2723915807223,0.337055514116693,36.908659753245395,70.4000022528,2.7000000863938567,13.792269267733298,213.1979512061598
084-03,second,481000.0,553500.0,0.339149278723249,36.9100263847798,1646.2776405808718,0.3380452665059609,36.9080012076947,70.50000225600002,9.300000297612996,346.39171794791946,241.56429569614306
085-01,second,561000.0,564550.0,0.31838518099796104,36.90286520665021,1690.2023245864664,0.315069817717953,36.9021819001234,100.4000032128,8.50000027197143,19.573638420275536,191.72191209347147
085-02,second,619000.0,587050.0,0.318392360766979,36.902857124353396,1690.2538382881125,0.315221600921306,36.90265640529479,99.9000031968,5.600000179209019,4.046537629265848,183.64645980036346
085-03,second,575000.0,578350.0,0.318390080326857,36.9028633134091,1690.1989065863631,0.315165034992499,36.902705215552295,90.2000028864,5.50000017600928,4.046028692724635,182.8253419995141
087-01,second,560000.0,562850.0,0.33952905666717,36.901874212627,1679.5321582450335,0.336054407958747,36.904768715321296,75.1000024032,5.700000182393296,3.765851820713283,140.01564764803942
087-02,second,543000.0,532450.0,0.339525670965259,36.9018762227473,1679.5093310442871,0.33611444633344395,36.9050423791601,75.60000241920002,3.600000115203329,3.5911026886288773,136.9423665972561
087-04,second,604000.0,573800.0,0.3395426262194289,36.9018919035098,1679.5676807461703,0.336253567511921,36.9047873784626,75.60000241920002,4.200000134403581,27.584057927124533,138.45093355430964
087-05,second,604000.0,606650.0,0.3395454296929181,36.90189281303729,1679.580986346595,0.334032047057032,36.9055923465589,75.40000241279999,5.200000166400059,42.41820238265276,145.96016834716266
088-01,second,531000.0,525900.0,0.343862359884498,36.9119996884765,1641.1845007179058,0.340906926125395,36.911897493845295,81.500002608,4.600000147217088,13.580027678064837,181.99371678252268
088-02,second,584000.0,578750.0,0.343845130038142,36.9119785944661,1641.383841624268,0.34049810765769506,36.91212749180411,80.40000257279999,4.800000153595192,17.653108792640737,177.43569207208094
088-03,second,631000.0,612450.0,0.343868248063327,36.9120001450413,1641.212332818808,0.339373074093324,36.912381701184295,80.40000257279999,6.300000201592638,57.150717221824856,175.1158362124162
089-01,second,534000.0,537700.0,0.35392917376013205,36.919697768853396,1672.076469506433,0.355352163753907,36.9181716741095,69.9000022368,4.900000156804708,6.96971043636537,312.8063137080072
089-02,second,568000.0,576300.0,0.353940618264147,36.9196895453993,1672.2061082105793,0.353961935868695,36.916070424759496,70.1000022432,8.500000272005082,235.8085924468562,270.33524228369913
090-01,second,717000.0,715100.0,0.368476612675007,36.9024155218666,1683.7589649802774,0.3659410874852561,36.9037443904439,81.000002592,5.600000179200833,40.90009068333486,152.1829201526922
090-02,second,557000.0,553900.0,0.368492381332563,36.9024418854675,1683.5162892725086,0.364818876734108,36.9029404204769,80.00000256,6.800000217600882,67.66030014983204,172.22025519741442
090-03,second,593000.0,595500.0,0.3684724755393379,36.9024080425,1683.8281788825,0.3647047432807321,36.8995358893912,80.1000025632,7.100000227188048,106.25653977241862,217.50352512151963
091-01,second,569000.0,572250.0,0.0376306236020058,36.87934369738621,1827.3665135757321,0.0319669168562802,36.881017851637395,74.00000236800001,5.500000175982677,4.286224657493488,163.42775850383453
092-01,second,629000.0,626500.0,0.0544827843356574,36.878597274359606,1824.0928317709825,0.0534038869424716,36.8757332292713,95.8000030656,8.3000002655981,128.5569045942666,249.485035720688
093-01,second,574000.0,578966.6666666666,0.08051374837988,36.8784515384398,1808.9104582851214,0.0760122284830927,36.879407241281,85.90000274879999,4.100000131198385,19.202134190303234,167.93528578887927
093-02,second,566000.0,568550.0,0.0805171792151542,36.878448521875,1808.9251066856045,0.0766995147684742,36.8790392852373,85.500002736,6.800000217580418,7.067117990937328,171.1452123296621
093-03,second,549000.0,536450.0,0.0805026343895607,36.8784551592191,1808.8856779843447,0.0777243825707037,36.878772274922795,95.2000030464,7.800000249591903,97.58722969760089,173.4448178622001
094-01,second,558000.0,555050.0,0.0316368636105516,36.8844107867753,1803.4414639101224,0.0287088796525123,36.8891560677775,85.7000027424,7.000000223994448,4.018747499038318,121.50413639226818
094-02,second,654000.0,650100.0,0.0316474924378896,36.8843907971188,1803.515194412476,0.028847009771895,36.88934109340521,90.3000028896,4.700000150398864,35.254695121041216,119.33307424869642
094-03,second,733000.0,729200.0,0.0316402410707534,36.8844013361,1803.4739347111704,0.0292124591225265,36.888917312751104,89.60000286720002,5.000000159999217,52.98696647422437,118.10219866780704
094-04,second,574000.0,621200.0,0.0316484361460581,36.8843831482351,1803.5387540132406,0.0282514118276163,36.889791365833,90.4000028928,5.1000001631875875,4.022023112948919,121.9607763506846
095-01,second,533000.0,524500.0,0.0736399395050219,36.872375474636996,1819.2178316149825,0.06938238893592999,36.8704009465415,85.20000272640002,9.300000297597535,277.2896642433217,205.0276895407301
095-02,second,590000.0,565550.0,0.073646929215256,36.872371099484894,1819.210263314732,0.0688541789391831,36.8722082780404,85.80000274560001,6.500000208009624,181.43364646692075,181.95883102459504
096-01,second,556000.0,548433.3333333334,0.00654609787064815,36.900322111063,1803.9331632258534,0.0124956114067591,36.9026429866405,75.80000242560001,5.600000179209928,167.63377675550947,21.441129973976135
096-02,second,601000.0,576900.0,0.0065432115203173,36.9003265759097,1803.9415860261374,0.0131071095151968,36.9002155970936,75.50000241600002,5.100000163198274,40.77196367357071,359.0248396012534
097-01,second,590000.0,573550.0,0.0460924952797725,36.8669167414337,1825.0848973027225,0.0563645966869557,36.8643999547785,120.90000386879998,8.200000262392678,146.02584405272452,346.1438468246644
098-01,second,525000.0,601600.0,0.0461417934691011,36.866934713841,1824.9675876989572,0.0338279352198696,36.8703865728812,120.1000038432,6.400000204797834,54.52201427256117,164.24028087351368
099-01,second,646000.0,630050.0,0.0769798738016295,36.8736590285058,1814.7492035719667,0.070178462009468,36.870081303957896,70.70000226239999,16.300000521602897,29.208895549365817,207.90441985073315
100-01,second,560000.0,559000.0,0.0615054789033151,36.8727211848894,1822.4262058176366,0.0719742551130721,36.8732395428177,69.7000022304,23.100000739201505,85.89150318424281,2.85373664590105
101-01,second,665000.0,667300.0,0.305868263980141,36.8800455250839,1776.0447345334396,0.307970589459091,36.88351103387321,60.60000193920001,4.9000001568006155,15.20296456651476,58.92723034734858
101-02,second,664000.0,702600.0,0.30585261882243897,36.880047386779296,1776.0435138333967,0.308252004486774,36.8837181729704,59.70000191040001,6.300000201612647,9.892390707676238,57.005243496508584
101-03,second,581000.0,578850.0,0.305856189479275,36.8800514853307,1776.0363117331551,0.308333282553194,36.8837947941534,60.1000019232,7.100000227191913,217.0908659898829,56.682329697994234
102-01,second,565000.0,530500.0,0.28929746752658697,36.8890189209124,1714.1130919516283,0.28807438499768,36.8875808557306,80.20000256640002,7.800000249597815,177.76910698936317,229.8081147256529
102-02,second,731000.0,734950.0,0.28929285897274604,36.88901211554821,1714.1068663514304,0.288803286751494,36.8851422751611,80.80000258560001,3.80000012160599,133.94161744234805,262.83751570141465
103-01,second,567000.0,564750.0,0.3790056644947461,36.9222657050561,1621.0735381743539,0.377217284282541,36.923789346522796,70.90000226880002,5.800000185603494,10.314171411034868,139.3806266031979
103-02,second,539000.0,536300.0,0.379001475937068,36.9222477791967,1621.1195586758206,0.377169201943919,36.92367473068821,70.4000022528,6.600000211184124,41.04082713960145,141.90289230618197
103-03,second,550000.0,552800.0,0.378999676727094,36.92225407948071,1621.098684675171,0.37470371055059903,36.9225085618744,69.9000022368,9.90000031680529,188.67052672057127,176.58718170428756
104-01,second,549000.0,546700.0,0.353886341316019,36.897184736453795,1769.5814775266192,0.352601051198882,36.89287811662549,110.50000353600001,4.200000134396305,4.028654231069975,253.48739697077133
104-02,second,576000.0,685200.0,0.353883883722921,36.8971746120611,1769.5596269259213,0.352815811251923,36.89202801726261,100.6000032192,4.300000137607412,5.310869520856368,258.3519668285211
104-03,second,564000.0,607800.0,0.35388370528157304,36.897190488209,1769.5913652269144,0.35281966679362103,36.8920325846805,100.7000032224,5.800000185590761,5.952401021366976,258.41952109501096
105-01,second,556000.0,553050.0,0.3544281866579229,36.919028609429795,1675.6132128196125,0.350526562600596,36.9176624466546,80.7000025824,6.8000002175963346,24.379372028824996,199.41783487457775
105-02,second,635000.0,628950.0,0.354429987637012,36.919025346819296,1675.6241991199668,0.350198216188068,36.9179354427755,80.20000256640002,5.800000185598037,20.87339691062524,194.53575875973917
106-01,second,598000.0,490400.0,0.35443669083866003,36.9190213639004,1675.660942321146,0.356264848203144,36.9183481142646,85.20000272640002,6.300000201584453,11.43247875743936,339.65816878374926
106-02,second,558000.0,556100.0,0.35443256123798994,36.919014893833705,1675.6429979205705,0.356086684536315,36.9181476097175,85.60000273920002,4.400000140796237,14.029074026620435,332.1731254733071
106-03,second,541000.0,539100.0,0.3544313903006429,36.919023185496,1675.6326220202561,0.354845548069802,36.917073501615796,85.10000272319999,6.800000217607703,27.957636426843056,281.9149291507605
107-01,second,714000.0,716500.0,0.376646726204369,36.9241177423292,1626.5809846505952,0.3754704022885701,36.92629226409221,65.70000210239999,2.800000089609057,15.914242406305355,118.25125990113531
107-02,second,546000.0,543350.0,0.3766474620631141,36.924102926793296,1626.5571809498356,0.3753291961750829,36.9264008845837,65.3000020896,4.500000144002797,14.228759515952223,119.67623586619615
107-03,second,547000.0,543550.0,0.3766265210268421,36.924128817184,1626.6559358529908,0.375124711937489,36.9266778738232,64.8000020736,10.100000323194308,190.03257303283397,120.33750179285079
108-01,second,598000.0,600100.0,0.37662614253685706,36.9241221873707,1626.6473909527224,0.382367765632585,36.921315897257294,90.10000288319999,5.800000185599856,81.26326635263894,333.8007204409954
109-01,second,664000.0,667350.0,0.358282826570868,36.893239542564295,1768.1076004794488,0.35548485409429903,36.8878344114132,100.4000032128,6.400000204795106,5.055100501607132,242.78797383094997
109-02,second,781000.0,779200.0,0.35828079530974605,36.893237859052896,1768.1204178798541,0.35825934847872704,36.88802725941439,100.6000032192,8.200000262395406,51.78172984928925,269.7657622268367
110-01,second,578000.0,581150.0,0.350523544199933,36.8971066819657,1765.9739335111703,0.35398102712253704,36.88927619532871,110.2000035264,8.500000272006446,11.816096626959563,293.6819830700672
110-02,second,582000.0,567900.0,0.35052415966036404,36.8971100373263,1765.9756424112327,0.353764870730549,36.8885585259435,110.6000035392,6.000000192004791,17.369260055818504,290.628061220814
110-03,second,636000.0,638350.0,0.35052524290776593,36.8971299332301,1765.9788163113105,0.353719266381947,36.8885020651936,110.50000353600001,4.400000140802149,14.451134656687241,290.1898769044309
110-04,second,646000.0,620533.3333333334,0.35051968683768603,36.8971295665923,1765.9627030108172,0.3537766119197229,36.887927691507,115.2000036864,6.500000208005531,7.576798570451958,289.37061985125473
111-01,second,507000.0,501300.0,0.375914681878198,36.9254400101137,1630.4994417759915,0.376655093570646,36.9232141445911,70.70000226239999,6.0000001919943315,15.965466598663223,288.2846113598304
111-02,second,612000.0,566000.0,0.375905423866919,36.925458142113904,1630.5000521760003,0.376241490999426,36.9225695285934,70.4000022528,8.4000002688108,14.019333870098613,276.5921932839227
111-03,second,567000.0,562800.0,0.3759099400377721,36.925447345194,1630.50261567607,0.375303680311281,36.921719942035104,70.4000022528,11.600000371210172,183.5690112914267,260.82238070980793
112-01,second,559000.0,598600.0,0.375914557434408,36.92544864650221,1630.4872347755952,0.379494806820945,36.9219689420859,55.6000017792,5.700000182407393,5.83327029583779,315.62420640891924
112-02,second,639000.0,594650.0,0.375908110423716,36.9254399232334,1630.5187289765938,0.378339211800634,36.9203246384912,55.500001776000005,4.900000156799024,5.43664933150619,295.2715891413395
113-01,second,477000.0,475150.0,0.37413203805587,36.9266630685594,1632.4633090388204,0.37219304458790703,36.927987967471,65.70000210239999,5.400000172797718,3.218906704174284,145.47659923549722
113-02,second,540000.0,548300.0,0.374142344079905,36.9266784227513,1632.3292758345278,0.3741162483776239,36.9281660560498,65.2000020864,5.500000176003596,3.5017160149185136,90.99825603677795
114-01,second,623000.0,602850.0,0.371701466963116,36.9135445717747,1649.505790084174,0.374368763922994,36.9155591922786,65.60000209920001,5.200000166387781,26.717031464170038,37.24856063547642
114-02,second,579000.0,575250.0,0.371696891331428,36.9135383655162,1649.5147011844822,0.374396950579909,36.915731392583396,70.4000022528,7.200000230416663,8.85426650571544,39.271856018618216
114-03,second,574000.0,571950.0,0.371722298812767,36.913535345391296,1649.4291298817416,0.37457474847173,36.91585161069821,70.60000225920002,6.700000214397733,61.911564172686305,39.26536561335929
115-01,second,641000.0,607000.0,0.35454761089640296,36.887997035518,1771.9742999031796,0.352415322488608,36.8975430994525,105.1000033632,5.600000179200606,19.607475256705946,102.5099443634484
115-02,second,644000.0,634350.0,0.354549595225994,36.888005320046794,1771.9666094029394,0.3526439210066429,36.8987391908508,115.1000036832,5.400000172786349,50.403239325496905,100.0014288610213
115-03,second,705000.0,684800.0,0.35455459728881394,36.8880118994881,1771.960872102735,0.353044300596784,36.901246871326606,115.00000368,5.400000172799537,15.76989753990534,96.46696703340365
