flight,obs_ascent,launch_dist,clip1_start,clip1_end,ascent_start,ascent_end,approach_start,approach_end,proximity_start,proximity_end,approach_speed_mean,approach_speed_max,approach_duration_minutes,exchange_duration,takeoff_time,landing_time
001-01,87.8000028096,310.30815071691956,238100.0,358100.0,6000.0,47500.0,47500.0,238100.0,222900.0,358100.0,8.00990398675056,31.2047741658928,3.1766666666666667,,04:29:18,04:49:31
002-01,88.3000028256,408.5732467272283,185700.0,305700.0,6000.0,70500.0,70500.0,185700.0,159100.0,305700.0,14.229841186490471,37.421969018742,1.92,,04:58:29,05:21:09
003-01,86.500002768,214.37721471584953,96850.0,216850.0,4800.0,45300.0,45300.0,96850.0,88100.0,216850.0,19.65450013449425,46.3391616362912,0.8591666666666666,,05:24:49,05:47:05
004-01,74.9000023968,260.9694495910815,624300.0,744300.0,24500.0,53600.0,53600.0,624300.0,471000.0,744300.0,10.90509155720617,48.1283601550324,9.511666666666667,,06:02:04,06:22:56
005-01,80.9000025888,482.32837766963587,146600.0,266600.0,9900.0,40300.0,40300.0,146600.0,132400.0,266600.0,22.00152551140215,45.6731621876652,1.7716666666666667,,06:29:59,06:48:50
006-01,86.7000027744,411.94679737690115,136900.0,256900.0,11200.0,40000.0,40000.0,136900.0,108000.0,256900.0,17.016459134008215,41.867965337948,1.615,,06:50:23,07:11:54
007-01,86.3000027616,280.7789796716511,146450.0,266450.0,11600.0,48300.0,48300.0,146450.0,127600.0,266450.0,12.6998727848768,27.9611768512332,1.6358333333333333,,07:20:02,07:41:08
008-01,85.4000027328,265.8837356917176,104566.66666666667,224566.6666666667,9800.0,58700.0,58700.0,104566.66666666667,85500.0,224566.6666666667,21.475641908735955,42.7967645690048,0.7644444444444445,,04:40:25,05:00:26
009-01,88.50000283199999,315.9647166241711,118150.0,238150.0,8400.0,53900.0,53900.0,118150.0,109700.0,238150.0,18.270794443177756,43.1711642590432,1.0708333333333333,,05:09:16,05:32:08
010-01,100.0000032,456.70847335180474,216250.0,336250.0,15000.0,51200.0,51200.0,216250.0,206900.0,336250.0,10.604677754163685,43.7867637493948,2.7508333333333335,,05:39:47,06:01:53
011-01,98.8000031616,242.26833764261957,150800.0,270800.0,7100.0,42600.0,42600.0,150800.0,132100.0,270800.0,8.371230882334848,15.7175869875736,1.8033333333333332,,06:16:25,06:37:00
012-01,100.1000032032,365.1474851580603,163200.0,283200.0,10600.0,44100.0,44100.0,163200.0,102000.0,283200.0,11.84020834829988,30.761974532482,1.985,,06:45:31,07:06:23
013-01,85.4000027328,156.93976042059177,179450.0,299450.0,3300.0,37400.0,37400.0,179450.0,134900.0,299450.0,7.1500188140494485,38.0447685031328,2.3675,,07:36:31,07:55:11
014-01,85.9000027488,232.5059651715373,205950.0,325950.0,3000.0,48400.0,48400.0,205950.0,187800.0,325950.0,6.379266904958631,17.6723853692164,2.6258333333333335,,08:09:18,08:28:23
015-01,89.20000285440001,331.0464668324625,169600.0,289600.0,12600.0,50200.0,50200.0,169600.0,163700.0,289600.0,16.550535151000638,35.945970240706,1.99,,08:56:50,09:15:19
016-01,85.500002736,216.47925505284132,122366.66666666667,242366.6666666667,3700.0,44000.0,44000.0,122366.66666666667,92600.0,242366.6666666667,12.088980936031293,43.4231640504152,1.3061111111111112,,12:56:18,13:15:48
017-01,74.4000023808,265.34081485967585,517000.0,637000.0,8300.0,65000.0,65000.0,517000.0,512200.0,637000.0,17.045929322196262,48.0635602086796,7.533333333333333,,06:10:55,06:21:19
018-01,75.8000024256,198.38441458352636,77400.0,197400.0,3900.0,31600.0,31600.0,77400.0,46200.0,197400.0,15.929837140081482,42.5735647537896,0.7633333333333333,,06:34:37,06:55:39
019-01,86.60000277120001,217.94126461214202,354250.0,474250.0,10500.0,41500.0,41500.0,354250.0,348100.0,474250.0,14.95942281524981,47.951960301072,5.2125,,07:05:18,07:27:36
021-01,75.8000024256,450.2507273099915,180000.0,300000.0,6500.0,39500.0,39500.0,180000.0,142400.0,300000.0,14.596289214585633,33.1595725475356,2.341666666666667,,08:30:47,08:51:24
022-01,76.000002432,541.8148509059765,122800.0,242800.0,2800.0,46400.0,46400.0,122800.0,107600.0,242800.0,27.154405105358013,43.1711642590432,1.2733333333333334,,11:46:12,12:08:20
023-01,75.90000242880001,281.34871920199396,142850.0,262850.0,2400.0,23400.0,23400.0,142850.0,103200.0,262850.0,11.31880695580834,41.003966053244,1.9908333333333332,,12:34:48,12:56:00
024-01,74.6000023872,503.63459449272807,121500.0,241500.0,4000.0,34200.0,34200.0,121500.0,111200.0,241500.0,21.66806737591824,28.4615764369576,1.455,,13:20:19,13:38:23
025-01,85.4000027328,418.42560417898756,201400.0,321400.0,5900.0,53300.0,53300.0,201400.0,187400.0,321400.0,14.30290824216263,35.1431709053352,2.4683333333333333,,05:47:21,06:07:47
025-02,85.9000027488,485.92629872899556,216800.0,336800.0,3800.0,44900.0,44900.0,216800.0,98300.0,336800.0,11.383806733454318,43.5491639461012,2.865,86500.0,06:02:53,06:23:58
025-03,98.9000031648,601.3618427518376,263400.0,383400.0,8300.0,47400.0,47400.0,263400.0,156000.0,383400.0,15.056084306111499,48.1175601639736,3.6,,06:17:56,06:37:46
026-01,74.50000238400001,191.44579980953344,98400.0,218400.0,2400.0,37800.0,37800.0,98400.0,75300.0,218400.0,14.12901355190642,42.5771647508092,1.01,,06:54:22,07:14:04
026-02,75.7000024224,150.91944824313677,167600.0,287600.0,9800.0,53000.0,53000.0,167600.0,73600.0,287600.0,4.496750431914992,24.7175795365736,1.91,67300.0,07:10:39,00:00:00
027-01,75.500002416,303.5662144786533,91450.0,211450.0,3400.0,53200.0,53200.0,91450.0,86800.0,211450.0,28.318757657557985,43.6211638864932,0.6375,,08:00:55,08:13:28
028-01,78.70000251840001,294.71307030351227,125350.0,245350.0,3000.0,42800.0,42800.0,125350.0,113000.0,245350.0,14.06588971134674,33.7715720408676,1.3758333333333332,,08:25:34,08:35:21
028-02,75.60000241920001,276.26891083552897,307250.0,427250.0,3500.0,36900.0,36900.0,307250.0,57000.0,427250.0,3.9320361942495134,45.7703621071944,4.505833333333333,,08:32:27,00:00:00
029-01,75.90000242880001,271.9182849995392,99650.0,219650.0,4800.0,32200.0,32200.0,99650.0,69900.0,219650.0,15.910451692767788,36.007170190039204,1.1241666666666668,,12:33:15,12:52:55
029-02,75.8000024256,244.7816112846858,191833.33333333334,311833.3333333334,3700.0,45000.0,45000.0,191833.33333333334,64900.0,311833.3333333334,1.4175936107420883,48.502759845070806,2.4472222222222224,92733.33333333334,12:48:54,00:00:00
030-01,75.60000241920001,240.73322130864761,147600.0,267600.0,11500.0,45900.0,45900.0,147600.0,75900.0,267600.0,18.409971293230168,41.0975659757536,1.695,,06:12:26,06:34:29
030-02,75.8000024256,223.57035775099268,145200.0,265200.0,3700.0,73400.0,73400.0,145200.0,88200.0,265200.0,11.505744760228154,49.4495590612256,1.1966666666666668,50300.0,06:30:50,06:51:27
031-032-01,74.9000023968,215.7894530445886,232366.66666666666,352366.6666666666,9600.0,45700.0,45700.0,232366.66666666666,127700.0,352366.6666666666,11.96325752618572,29.9627751941308,3.111111111111111,,07:15:53,07:37:13
031-032-02,86.000002752,208.77917175379238,106850.0,226850.0,5600.0,34400.0,34400.0,106850.0,48500.0,226850.0,12.060799741433406,48.6251597437372,1.2075,55150.0,07:34:08,07:55:36
031-032-03,84.10000269119999,195.25044800931605,76633.33333333333,196633.3333333333,4400.0,29800.0,29800.0,76633.33333333333,58500.0,196633.3333333333,16.266083476710513,27.4751772535872,0.7805555555555554,,07:45:39,07:56:46
033-01,85.1000027232,340.1478196525287,165450.0,285450.0,12800.0,67100.0,67100.0,165450.0,158300.0,285450.0,17.93683097071808,46.4003615856244,1.6391666666666667,,08:25:18,08:41:46
033-02,85.30000272960001,463.2983388386289,159050.0,279050.0,5800.0,31500.0,31500.0,159050.0,65000.0,279050.0,15.604254102677311,48.9707594576188,2.1258333333333335,54050.0,08:37:58,08:53:42
034-01,74.20000237440001,463.4766789948191,203300.0,323300.0,30100.0,58400.0,58400.0,203300.0,186000.0,323300.0,14.37530516447179,46.7531612935452,2.415,,12:32:24,12:55:06
035-01,75.4000024128,374.7626079522623,151500.0,271500.0,17400.0,45400.0,45400.0,151500.0,141800.0,271500.0,15.190042125177191,32.0795734416556,1.7683333333333333,,13:10:22,13:31:20
036-01,83.9000026848,395.2237339236281,144300.0,264300.0,7700.0,43200.0,43200.0,144300.0,115900.0,264300.0,21.395867713719866,43.937963624218,1.685,,05:39:28,05:59:45
037-01,85.7000027424,447.49469990265214,342300.0,462300.0,5500.0,86500.0,86500.0,342300.0,302200.0,462300.0,10.037773770988839,41.7815654094776,4.263333333333334,,06:26:44,06:46:44
037-02,85.1000027232,483.1570625793398,233800.0,353800.0,5800.0,35500.0,35500.0,233800.0,107500.0,353800.0,11.195301736311102,29.624375474288403,3.305,107200.0,06:41:22,07:02:00
038-01,50.6000016192,254.60863948068007,142100.0,262100.0,5500.0,35200.0,35200.0,142100.0,125000.0,262100.0,12.259049679920409,34.3871715312192,1.7816666666666667,,07:39:09,08:02:46
038-02,50.7000016224,263.6171050058464,180000.0,300000.0,5000.0,29100.0,29100.0,180000.0,103600.0,300000.0,10.333552610008073,35.657970479138,2.515,,07:58:50,08:16:45
039-01,74.9000023968,561.6617214156942,175150.0,295150.0,5900.0,26600.0,26600.0,175150.0,160800.0,295150.0,16.30284751535441,43.6715638447676,2.4758333333333336,,11:49:52,12:06:19
039-02,65.60000209920001,555.461553984925,233800.0,353800.0,5900.0,47100.0,47100.0,233800.0,105200.0,353800.0,13.84273118125661,38.9411677610132,3.111666666666667,46800.0,12:01:15,12:20:34
039-03,65.60000209920001,555.131766000134,238200.0,358200.0,7000.0,45100.0,45100.0,238200.0,148900.0,358200.0,12.621711140020913,37.0655693138016,3.2183333333333333,85900.0,12:14:53,12:29:10
040-01,75.4000024128,211.23862713920445,103800.0,223800.0,7800.0,49500.0,49500.0,103800.0,89600.0,223800.0,16.165719200839273,37.0295693436056,0.905,,12:58:46,13:17:32
041-01,85.500002736,309.53462011815225,128200.0,248200.0,7600.0,35500.0,35500.0,128200.0,108700.0,248200.0,14.996381012910996,42.2603650130844,1.545,,05:49:32,06:09:04
041-02,105.8000033856,328.37568272686326,122850.0,242850.0,3300.0,46200.0,46200.0,122850.0,82800.0,242850.0,15.7154330996821,49.0823593652264,1.2775,44750.0,06:05:21,06:25:37
041-03,105.500003376,313.7641899545674,181000.0,301000.0,3800.0,43800.0,43800.0,181000.0,92200.0,301000.0,9.377931327827037,33.1523725534964,2.2866666666666666,77300.0,06:21:07,06:41:48
041-04,105.8000033856,126.38317161281837,208550.0,328550.0,3700.0,32600.0,32600.0,208550.0,48800.0,328550.0,3.442986143895068,19.6415837389376,2.9325,,06:38:31,06:57:10
041-05,115.500003696,122.58459001002643,133100.0,253100.0,8300.0,40800.0,40800.0,133100.0,73300.0,253100.0,5.6767060695449985,22.4747813933628,1.5383333333333333,59500.0,06:53:50,07:08:16
042-01,75.60000241920001,188.27736764693464,82500.0,202500.0,5600.0,28300.0,28300.0,82500.0,55000.0,202500.0,13.317202308160384,31.9571735429892,0.9033333333333333,,11:35:16,11:56:16
042-02,75.2000024064,273.2894924003641,118850.0,238850.0,3800.0,27200.0,27200.0,118850.0,45700.0,238850.0,12.504636235777323,49.1291593264812,1.5275,49950.0,11:53:17,12:14:37
043-01,84.500002704,280.3874078520557,119200.0,239200.0,14300.0,42200.0,42200.0,119200.0,80300.0,239200.0,14.255401496667563,37.0043693644684,1.2833333333333334,,12:27:30,12:49:26
044-01,85.500002736,392.1844844573777,208133.33333333334,328133.3333333334,4100.0,35200.0,35200.0,208133.33333333334,194900.0,328133.3333333334,11.507412462661991,34.1027717666708,2.8822222222222225,,13:11:38,13:24:17
045-01,85.4000027328,569.2893698970443,189150.0,309150.0,4200.0,28600.0,28600.0,189150.0,169200.0,309150.0,14.564946222490269,42.6707646733188,2.6758333333333333,,13:47:01,14:06:40
045-02,90.4000028928,616.6355894335121,175950.0,295950.0,4700.0,45200.0,45200.0,175950.0,96200.0,295950.0,17.440918331115817,48.6467597258548,2.1791666666666667,45550.0,14:02:19,14:22:01
045-03,102.3000032736,541.4730071870746,125900.0,245900.0,2500.0,25700.0,25700.0,125900.0,72900.0,245900.0,22.028231602628914,47.357960792838,1.67,57900.0,14:17:50,14:38:52
046-01,85.1000027232,341.7028090901037,125600.0,245600.0,3300.0,47800.0,47800.0,125600.0,103800.0,245600.0,20.729906075524795,43.811963728532,1.2966666666666666,,06:58:10,07:18:05
047-01,99.6000031872,301.5640312368397,104900.0,224900.0,3900.0,32600.0,32600.0,104900.0,96100.0,224900.0,19.007548052149968,48.3875599404436,1.205,,07:28:41,07:49:24
047-02,100.40000321280002,544.3462324908558,173300.0,293300.0,3900.0,34800.0,34800.0,173300.0,77400.0,293300.0,16.050404987645006,47.591960599112,2.308333333333333,79500.0,07:44:58,08:07:46
048-01,75.8000024256,310.7618988725229,147200.0,267200.0,5000.0,30500.0,30500.0,147200.0,124600.0,267200.0,12.586839009811486,32.8463728068304,1.945,,08:25:55,08:47:28
049-01,94.7000030304,584.9527334346622,134300.0,254300.0,3300.0,41900.0,41900.0,134300.0,103900.0,254300.0,25.655306604226134,40.7591662559112,1.54,,12:53:42,13:14:53
049-02,95.6000030592,603.0990112170481,288750.0,408750.0,3600.0,33600.0,33600.0,288750.0,111600.0,408750.0,10.127017287589759,35.999970196,4.2525,84650.0,13:09:31,13:30:32
050-01,85.7000027424,616.5449684690076,116750.0,236750.0,4000.0,28300.0,28300.0,116750.0,89000.0,236750.0,25.9080332830504,40.1831667327752,1.4741666666666666,,13:39:44,14:01:05
050-02,75.4000024128,606.8228617678972,270650.0,390650.0,3100.0,36800.0,36800.0,270650.0,151400.0,390650.0,14.163902815029,40.946366100930405,3.8975,55950.0,13:55:34,14:15:32
050-03,75.4000024128,712.3765440703041,190000.0,310000.0,5400.0,35800.0,35800.0,190000.0,101500.0,310000.0,17.689171928745555,41.4431656896352,2.57,58600.0,14:10:52,14:29:19
051-01,75.7000024224,481.7046628467899,242650.0,362650.0,3800.0,35100.0,35100.0,242650.0,224600.0,362650.0,14.132095527248495,45.413962402254,3.4591666666666665,,05:34:31,05:53:52
051-02,85.1000027232,704.6094737615903,205800.0,325800.0,3000.0,31900.0,31900.0,205800.0,119100.0,325800.0,16.66850456227394,47.3291608166812,2.8983333333333334,80100.0,05:48:20,06:05:13
052-01,75.500002416,333.7734668935753,79250.0,199250.0,4600.0,31500.0,31500.0,79250.0,69300.0,199250.0,25.92000147103732,47.7251604888372,0.7958333333333333,,06:18:32,06:39:25
052-02,75.3000024096,336.8693449869271,146850.0,266850.0,4300.0,34600.0,34600.0,146850.0,92200.0,266850.0,15.130285696432196,46.25996170186,1.8708333333333333,43750.0,06:35:37,06:54:35
053-01,96.8000030976,213.04051959397015,76800.0,196800.0,2700.0,35900.0,35900.0,76800.0,53000.0,196800.0,21.59795545261119,48.1427601431108,0.6816666666666666,,07:14:23,07:36:57
053-02,95.90000306880002,235.89004220902632,119050.0,239050.0,4700.0,34400.0,34400.0,119050.0,62200.0,239050.0,11.248534666513015,32.3315732330276,1.4108333333333334,47350.0,07:33:33,07:52:49
054-03,105.7000033824,337.24195806917817,194900.0,314900.0,5000.0,52500.0,52500.0,194900.0,140800.0,314900.0,20.40314910684172,46.4003615856244,2.3733333333333335,,08:54:18,09:12:47
055-01,75.3000024096,199.2576894340009,95100.0,215100.0,6400.0,34100.0,34100.0,95100.0,62800.0,215100.0,14.625621948361342,35.297970777178,1.0166666666666666,,12:22:49,12:45:59
055-02,85.1000027232,230.45520715816508,162200.0,282200.0,3300.0,31000.0,31000.0,162200.0,55200.0,282200.0,10.96872342299626,43.811963728532,2.1866666666666665,90500.0,12:42:12,13:03:32
056-01,86.000002752,518.752857671765,109666.66666666667,229666.6666666667,3700.0,35900.0,35900.0,109666.66666666667,87200.0,229666.6666666667,26.90569130530559,43.7975637404536,1.2294444444444446,,13:23:18,13:44:35
056-02,95.40000305280002,542.641902916376,159966.66666666666,279966.6666666666,3900.0,30700.0,30700.0,159966.66666666666,79600.0,279966.6666666666,17.044036018175643,41.8355653647716,2.154444444444444,59666.66666666667,13:40:15,14:01:18
057-01,65.60000209920001,350.3775077843614,122050.0,242050.0,6100.0,40200.0,40200.0,122050.0,92400.0,242050.0,17.144221968839,26.72997787053,1.3641666666666667,,05:49:38,06:09:25
058-01,75.8000024256,222.10877994717202,91250.0,211250.0,3400.0,36500.0,36500.0,91250.0,69500.0,211250.0,17.83931537807561,44.5355631294716,0.9125,,06:29:03,06:48:52
058-02,74.9000023968,203.39923642896304,109300.0,229300.0,2800.0,32400.0,32400.0,109300.0,50200.0,229300.0,11.425852609621264,45.035962715196,1.2816666666666667,53100.0,06:45:52,07:04:32
059-01,75.2000024064,311.37694780256834,105950.0,225950.0,4400.0,26800.0,26800.0,105950.0,90600.0,225950.0,14.555728076853013,33.2495724730256,1.3191666666666666,,07:16:05,07:36:15
059-02,85.4000027328,280.65708011618995,117350.0,237350.0,3700.0,24100.0,24100.0,117350.0,56100.0,237350.0,11.982944473216056,47.5415606408376,1.5541666666666667,56550.0,07:32:53,
061-01,80.500002576,257.3496380982729,120333.33333333333,240333.3333333333,5400.0,51900.0,51900.0,120333.33333333333,103500.0,240333.3333333333,14.500182685715417,19.367983965448,1.1405555555555555,,04:37:10,04:59:01
061-02,84.4000027008,336.7730926504458,141300.0,261300.0,4900.0,61700.0,61700.0,141300.0,90200.0,261300.0,16.46617917357733,46.403961582644,1.3266666666666667,57500.0,04:55:05,05:14:09
061-03,75.2000024064,324.55539429801667,144350.0,264350.0,4600.0,29800.0,29800.0,144350.0,58000.0,264350.0,12.611175627166858,47.807960420288005,1.9091666666666667,80950.0,05:10:21,05:32:19
062-01,75.60000241920001,278.2691209835083,260500.0,380500.0,6800.0,86100.0,86100.0,260500.0,221300.0,380500.0,7.586983290078671,31.391974010912,2.9066666666666667,,06:05:44,06:25:44
062-02,75.4000024128,321.49008605416344,142300.0,262300.0,4500.0,27400.0,27400.0,142300.0,53600.0,262300.0,10.338181642856306,47.411960748132,1.915,76000.0,06:21:57,06:42:07
062-03,76.000002432,339.3424505124529,201700.0,321700.0,4800.0,61300.0,61300.0,201700.0,110900.0,321700.0,10.430589011682928,43.703963817944,2.34,81400.0,06:37:16,06:45:22
063-01,65.40000209280001,311.79840617346247,341300.0,461300.0,9400.0,39900.0,39900.0,341300.0,317700.0,461300.0,9.627512190773354,45.647962208528,5.023333333333333,,07:28:26,07:49:59
063-02,65.60000209920001,311.50341699427014,199400.0,319400.0,4600.0,35900.0,35900.0,199400.0,62300.0,319400.0,9.242316262924419,47.303960837544,2.725,125700.0,07:45:23,08:06:00
063-03,65.60000209920001,309.47700455925775,161450.0,281450.0,5500.0,30200.0,30200.0,161450.0,55500.0,281450.0,8.38511305805232,52.451956575572,2.1875,92250.0,08:02:10,08:22:39
064-01,65.40000209280001,514.1279196849326,142650.0,262650.0,4900.0,29500.0,29500.0,142650.0,127400.0,262650.0,17.901360860230742,40.571966410892,1.8858333333333333,,04:39:42,05:01:05
064-02,65.8000021056,522.002775928031,290500.0,410500.0,6000.0,28100.0,28100.0,290500.0,123900.0,410500.0,9.863223311945944,47.303960837544,4.373333333333333,145200.0,04:54:48,05:13:24
064-03,65.60000209920001,524.3417315963352,196250.0,316250.0,4300.0,35400.0,35400.0,196250.0,96100.0,316250.0,12.370738502113161,46.115961821076,2.680833333333333,88850.0,05:08:28,05:29:14
065-01,66.20000211840001,483.34605129719955,243900.0,363900.0,14800.0,63300.0,63300.0,243900.0,206500.0,363900.0,12.728757138762349,38.87996781168,3.01,,05:31:03,05:49:48
065-02,65.7000021024,485.1695516722125,212400.0,332400.0,5900.0,40900.0,40900.0,212400.0,116000.0,332400.0,10.306478423895705,47.87996036068,2.8583333333333334,82900.0,05:44:46,06:02:01
065-03,65.500002096,485.2692779982173,164550.0,284550.0,5000.0,33700.0,33700.0,164550.0,89600.0,284550.0,14.034466908618532,48.41995991362,2.180833333333333,65050.0,05:57:37,06:17:07
066-01,80.30000256960001,323.0697409040608,253500.0,373500.0,12200.0,61400.0,61400.0,253500.0,229500.0,373500.0,8.427653718302265,26.531978034452003,3.2016666666666667,,06:37:33,06:57:45
066-02,80.6000025792,528.1097012700869,168000.0,288000.0,4800.0,30800.0,30800.0,168000.0,68700.0,288000.0,14.308959179603692,49.535958989696,2.2866666666666666,80200.0,06:53:20,07:12:25
066-03,81.000002592,519.5604764757891,286500.0,406500.0,6400.0,36500.0,36500.0,286500.0,234200.0,406500.0,9.740701613194044,42.731964622652,4.166666666666667,139400.0,07:06:52,07:28:13
067-01,75.7000024224,228.47860654814528,92800.0,212800.0,6700.0,53200.0,53200.0,92800.0,72200.0,212800.0,22.046638236367677,44.45996319206,0.66,,05:19:37,05:35:36
068-01,75.0000024,326.5922218414438,192800.0,312800.0,6400.0,53000.0,53000.0,192800.0,160700.0,312800.0,9.234771575408113,35.711970434432004,2.33,,06:10:51,06:30:45
068-02,75.8000024256,325.5341324538744,151166.66666666666,271166.6666666666,6400.0,39600.0,39600.0,151166.66666666666,71400.0,271166.6666666666,10.768128609736547,38.555968079916,1.8594444444444442,63666.66666666667,06:26:58,06:47:31
068-03,75.500002416,341.98144185976776,250550.0,370550.0,6500.0,47100.0,47100.0,250550.0,102500.0,370550.0,7.047513487829859,36.755969570116,3.390833333333333,127350.0,06:42:13,07:02:40
069-01,50.9000016288,298.24664947189024,128000.0,248000.0,4900.0,56300.0,56300.0,128000.0,113600.0,248000.0,15.366097292672626,20.195983279956,1.195,,07:27:16,07:39:11
070-01,85.30000272960001,807.2307612343167,398700.0,518700.0,17000.0,53400.0,53400.0,398700.0,391600.0,518700.0,9.886890348470898,48.023960241464,5.755,,04:58:39,05:18:07
070-02,86.4000027648,808.326504493191,248900.0,368900.0,6700.0,62900.0,62900.0,248900.0,176300.0,368900.0,17.768201506107438,47.951960301072,3.1,55900.0,05:11:50,05:29:23
070-03,85.30000272960001,808.0901050064239,205100.0,325100.0,4300.0,27600.0,27600.0,205100.0,90100.0,325100.0,17.174872474884822,47.771960450092,2.9583333333333335,57600.0,05:24:30,05:40:59
071-01,65.500002096,171.80653131308253,64100.0,184100.0,4500.0,31200.0,31200.0,64100.0,54100.0,184100.0,18.49462245939272,26.423978123864003,0.5483333333333333,,06:01:20,
071-02,60.4000019328,103.3014330863582,146950.0,266950.0,3900.0,25400.0,25400.0,146950.0,48900.0,266950.0,3.9525429832374797,19.403983935644,2.0258333333333334,,06:19:03,06:39:31
071-03,60.600001939200006,89.20788173536191,141400.0,261400.0,6500.0,51000.0,51000.0,141400.0,58100.0,261400.0,4.025612828853271,33.119972580319995,1.5066666666666666,55100.0,06:36:39,06:56:07
072-01,65.10000208320001,334.92508401811114,146200.0,266200.0,3800.0,26800.0,26800.0,146200.0,104400.0,266200.0,11.378649323368132,24.2999798823,1.99,,07:22:07,07:45:42
072-02,65.2000020864,448.7215707521372,136800.0,256800.0,3900.0,33700.0,33700.0,136800.0,77100.0,256800.0,15.25364581194207,45.863962029704,1.7183333333333333,46100.0,07:41:53,07:58:28
073-01,64.8000020736,182.06156732842442,101000.0,221000.0,13900.0,64300.0,64300.0,101000.0,86300.0,221000.0,18.854139086987416,31.931973563852,0.6116666666666667,,04:41:19,05:03:15
073-02,65.90000210880001,191.03170704110318,180300.0,300300.0,6600.0,33500.0,33500.0,180300.0,62600.0,300300.0,6.713522717806605,23.507980537988,2.4466666666666668,103300.0,04:59:21,05:19:46
074-01,81.7000026144,451.57830761796043,119050.0,239050.0,4400.0,40400.0,40400.0,119050.0,76900.0,239050.0,22.50812970334999,43.91996363912,1.3108333333333333,,05:28:20,05:48:59
074-02,80.7000025824,468.69469103481384,188600.0,308600.0,6500.0,53200.0,53200.0,188600.0,103800.0,308600.0,13.022608111226655,45.575962268136,2.256666666666667,65300.0,05:44:24,06:05:04
074-03,80.9000025888,468.6943625059967,146450.0,266450.0,3500.0,28900.0,28900.0,146450.0,72800.0,266450.0,16.43018978744768,46.25996170186,1.9591666666666667,60050.0,06:01:05,06:21:50
075-01,70.40000225280001,272.2994989352164,192266.66666666666,312266.6666666666,8200.0,54700.0,54700.0,192266.66666666666,130300.0,312266.6666666666,8.591825363037856,20.483983041524,2.292777777777778,,06:49:35,07:09:37
075-02,70.8000022656,248.89766004391205,127700.0,247700.0,5000.0,34000.0,34000.0,127700.0,51800.0,247700.0,11.997595635761131,48.05996021166,1.5616666666666668,65700.0,07:06:19,07:20:31
076-01,80.6000025792,501.0504497013173,194150.0,314150.0,7400.0,63300.0,63300.0,194150.0,161500.0,314150.0,17.75544125099626,41.363965755204,2.180833333333333,,08:02:13,08:10:05
077-01,85.00000272,261.8135763864396,70050.0,190050.0,3900.0,42500.0,42500.0,70050.0,64900.0,190050.0,33.92451124009353,44.81996289402,0.45916666666666667,,08:26:44,08:43:36
078-01,40.400001292800006,680.2281772783541,175400.0,295400.0,8600.0,49700.0,49700.0,175400.0,159000.0,295400.0,19.66439142471025,45.251962536372,2.095,,12:31:09,12:51:53
078-02,50.7000016224,782.3915382855387,193100.0,313100.0,3700.0,25900.0,25900.0,193100.0,88900.0,313100.0,18.38167231999905,48.743959645384,2.7866666666666666,,12:46:34,13:05:18
078-03,50.3000016096,864.272943160532,330000.0,450000.0,7300.0,40600.0,40600.0,330000.0,200400.0,450000.0,15.079826901043386,48.23996006264,4.823333333333333,118900.0,12:57:39,13:11:33
079-01,40.8000013056,308.96188397024633,94250.0,214250.0,3800.0,30700.0,30700.0,94250.0,81400.0,214250.0,17.330465779474075,23.3999806274,1.0591666666666666,,13:07:46,13:25:53
079-02,50.20000160640001,701.8102540571119,162200.0,282200.0,3500.0,28100.0,28100.0,162200.0,95700.0,282200.0,20.162359635562012,45.71996214892,2.235,54500.0,13:21:36,13:28:59
080-01,30.500000976,657.4510711276953,85200.0,205200.0,5500.0,16800.0,16800.0,85200.0,77200.0,205200.0,35.2498275334532,48.743959645384,1.14,,04:40:12,04:59:49
080-02,20.500000656,697.7746186696581,236200.0,356200.0,7900.0,41700.0,41700.0,236200.0,145900.0,356200.0,14.46373063071383,50.183958453224,3.2416666666666667,68100.0,04:54:11,05:12:46
080-03,20.7000006624,766.2706375083699,212700.0,332700.0,4500.0,20300.0,20300.0,212700.0,90100.0,332700.0,14.815382498897195,48.05996021166,3.2066666666666666,,05:07:23,05:28:08
081-01,80.500002576,339.59959598705876,147200.0,267200.0,6300.0,63800.0,63800.0,147200.0,135200.0,267200.0,15.986305112613781,32.075973444636,1.39,,05:45:35,06:07:11
081-02,90.9000029088,359.2912966972511,128266.66666666667,248266.6666666667,5200.0,31500.0,31500.0,128266.66666666667,60800.0,248266.6666666667,14.651093965320182,48.41995991362,1.6127777777777779,66366.66666666667,06:03:23,06:26:29
081-03,80.6000025792,405.18388409639624,259650.0,379650.0,12900.0,68300.0,68300.0,259650.0,150300.0,379650.0,12.648639842070805,51.839957082240005,3.1891666666666665,94350.0,06:20:53,06:41:23
082-01,90.3000028896,561.7390658974481,186000.0,306000.0,3600.0,30000.0,30000.0,186000.0,174300.0,306000.0,15.389286870264785,46.907961165388,2.6,,06:56:46,07:16:48
082-02,95.40000305280002,738.0635912553583,278600.0,398600.0,6600.0,55800.0,55800.0,278600.0,136900.0,398600.0,15.472005539511773,49.067959377148,3.7133333333333334,,07:10:06,07:30:49
082-03,95.500003056,837.1690648156887,304900.0,424900.0,3300.0,32700.0,32700.0,304900.0,236900.0,424900.0,14.317482858808619,49.031959406952,4.536666666666667,52800.0,07:23:25,07:45:36
083-01,85.500002736,619.1449105255851,151200.0,271200.0,4700.0,49600.0,49600.0,151200.0,104200.0,271200.0,24.016699084054615,48.923959496364,1.6933333333333334,,05:37:32,05:58:29
083-02,84.9000027168,728.1413700445544,142950.0,262950.0,3100.0,27100.0,27100.0,142950.0,87900.0,262950.0,23.757661100510838,48.023960241464,1.9308333333333334,46550.0,05:54:02,06:14:07
083-03,85.1000027232,603.680364833519,190900.0,310900.0,6500.0,38900.0,38900.0,190900.0,83800.0,310900.0,16.047603516124965,48.023960241464,2.533333333333333,72000.0,06:09:33,06:29:10
084-01,76.7000024544,297.5021267543979,395050.0,515050.0,8000.0,32700.0,32700.0,395050.0,74800.0,515050.0,9.656833934396603,46.943961135584,6.039166666666667,,06:47:37,07:05:14
084-02,70.40000225280001,278.38926859869497,120100.0,240100.0,4100.0,27000.0,27000.0,120100.0,51100.0,240100.0,11.062334275952221,43.091964324612,1.5516666666666667,53500.0,07:01:58,07:21:22
084-03,71.40000228480001,279.00893935016046,133500.0,253500.0,4000.0,34600.0,34600.0,133500.0,66000.0,253500.0,12.392718278480801,45.935961970096,1.6483333333333334,44100.0,07:17:57,07:37:47
085-01,95.7000030624,358.8659968919265,144550.0,264550.0,6300.0,53300.0,53300.0,144550.0,105000.0,264550.0,15.766506947073276,39.95996691756,1.5208333333333333,,12:03:57,12:26:34
085-02,99.9000031968,353.31217620018145,167050.0,287050.0,4900.0,42100.0,42100.0,167050.0,77400.0,287050.0,13.327753077296896,48.275960032836,2.0825,53150.0,12:22:33,12:44:29
085-03,90.2000028864,358.82861195808766,158350.0,278350.0,5800.0,44000.0,44000.0,158350.0,90800.0,278350.0,12.214773887516046,47.411960748132,1.9058333333333333,47950.0,12:40:33,13:01:38
086-01,75.10000240320001,341.0322570451453,143750.0,263750.0,73600.0,101000.0,101000.0,143750.0,126000.0,263750.0,28.67214647539482,48.635959734796,0.7125,,13:18:36,13:33:30
087-01,75.0000024,504.9570421761738,142850.0,262850.0,6200.0,46100.0,46100.0,142850.0,115200.0,262850.0,22.53154766215607,45.323962476764,1.6125,,05:25:09,05:46:52
087-02,75.500002416,520.2221444287226,112450.0,232450.0,4500.0,22900.0,22900.0,112450.0,62000.0,232450.0,22.54400863980455,48.455959883816,1.4925,,05:44:02,06:05:31
087-04,75.60000241920001,508.6634872213917,153800.0,273800.0,4300.0,25200.0,25200.0,153800.0,62400.0,273800.0,17.177711716761348,47.843960390484,2.1433333333333335,81700.0,06:07:13,06:27:20
087-05,75.4000024128,691.9592748918955,186650.0,306650.0,5500.0,36300.0,36300.0,186650.0,108800.0,306650.0,17.295778381735325,47.123960986564,2.5058333333333334,61350.0,06:22:22,06:42:26
088-01,81.40000260480001,323.6583714176088,105900.0,225900.0,8900.0,36700.0,36700.0,105900.0,89400.0,225900.0,19.857181798331677,33.263972461104004,1.1533333333333333,,04:53:18,05:13:32
088-02,80.4000025728,315.0623426427581,158750.0,278750.0,4700.0,35400.0,35400.0,158750.0,58600.0,278750.0,11.029781444475166,46.547961463428,2.055833333333333,74350.0,05:09:46,05:31:15
088-03,80.4000025728,403.2359081728833,192450.0,312450.0,3200.0,23200.0,23200.0,192450.0,97100.0,312450.0,11.994541793981831,46.691961344212,2.8208333333333333,81550.0,05:26:36,05:47:34
089-01,70.2000022464,230.27069700845755,117700.0,237700.0,7600.0,56100.0,56100.0,117700.0,105300.0,237700.0,13.7835550912015,26.81997779602,1.0266666666666666,,05:58:50,06:20:32
089-02,70.2000022464,214.86792056155988,156300.0,276300.0,4100.0,36100.0,36100.0,156300.0,55500.0,276300.0,7.48984397345229,39.23996751364,2.0033333333333334,57900.0,06:17:05,06:35:46
090-01,80.4000025728,173.27850845460148,295100.0,415100.0,5500.0,48500.0,48500.0,295100.0,68700.0,415100.0,17.612288573414812,49.967958632048,4.11,,07:16:58,07:37:48
090-02,80.00000256,366.2335910260493,133900.0,253900.0,4400.0,28000.0,28000.0,133900.0,58200.0,253900.0,14.323149247829129,45.935961970096,1.765,48900.0,07:34:32,07:53:16
090-03,80.30000256960001,405.341951314955,175500.0,295500.0,5600.0,35600.0,35600.0,175500.0,69400.0,295500.0,12.538184310033417,44.999962745,2.3316666666666666,89700.0,07:49:02,08:08:26
091-01,74.1000023712,720.8532483417823,152250.0,272250.0,9400.0,38700.0,38700.0,152250.0,101100.0,272250.0,26.86310075497136,44.27996334108,1.8925,,06:38:55,06:59:39
092-01,85.9000027488,478.08342035218453,206500.0,326500.0,5600.0,44000.0,44000.0,206500.0,176900.0,326500.0,20.1489839411438,47.483960688524,2.7083333333333335,,07:38:27,07:56:17
093-01,85.80000274560001,589.475103416749,158966.66666666666,278966.6666666666,8700.0,28700.0,28700.0,158966.66666666666,136300.0,278966.6666666666,17.651303674607455,48.95995946656,2.1711111111111108,,08:17:30,08:35:50
093-02,85.7000027424,444.55866739018177,148550.0,268550.0,4900.0,34800.0,34800.0,148550.0,79800.0,268550.0,14.20581223915615,50.687958035968,1.8958333333333333,48950.0,08:31:55,08:50:32
093-03,95.00000304,325.0386089665568,116450.0,236450.0,4500.0,28300.0,28300.0,116450.0,50900.0,236450.0,15.505787162920468,48.23996006264,1.4691666666666667,69950.0,08:47:03,09:06:21
094-01,85.80000274560001,559.1733035478594,135050.0,255050.0,11300.0,49900.0,49900.0,135050.0,117200.0,255050.0,25.556101919292736,41.003966053244,1.4191666666666667,,05:41:15,06:00:47
094-02,90.3000028896,675.2442238342561,230100.0,350100.0,6100.0,41300.0,41300.0,230100.0,143700.0,350100.0,14.52391956318484,47.375960777936,3.1466666666666665,60600.0,05:55:20,06:17:07
094-03,89.500002864,586.3467358667268,309200.0,429200.0,3300.0,29200.0,29200.0,309200.0,72600.0,429200.0,19.178743341207277,47.87996036068,4.666666666666667,,06:10:24,06:29:48
094-04,90.4000028928,687.7457767525058,201200.0,321200.0,50500.0,74100.0,74100.0,201200.0,128400.0,321200.0,19.099247345826978,49.031959406952,2.118333333333333,42700.0,06:25:37,06:44:25
095-01,84.80000271360001,578.3816611830333,104500.0,224500.0,8200.0,39700.0,39700.0,104500.0,95700.0,224500.0,32.71547916519588,46.367961612448,1.08,,07:16:33,07:33:57
095-02,85.500002736,376.803124963219,145550.0,265550.0,3400.0,28900.0,28900.0,145550.0,57300.0,265550.0,14.335390653703007,47.051961046172,1.9441666666666666,65950.0,07:30:14,07:46:46
096-01,75.7000024224,700.8703474384522,128433.33333333333,248433.3333333333,4000.0,46400.0,46400.0,128433.33333333333,114500.0,248433.3333333333,31.78183628356894,47.843960390484,1.3672222222222221,,08:52:23,09:09:29
096-02,75.500002416,823.5823984215468,156900.0,276900.0,3100.0,23800.0,23800.0,156900.0,86100.0,276900.0,23.81310508278538,48.815959585776,2.2183333333333333,49600.0,09:04:54,09:25:14
097-01,120.8000038656,761.9048602748828,153550.0,273550.0,4500.0,60500.0,60500.0,153550.0,128800.0,273550.0,30.728183029513005,46.871961195192,1.5508333333333333,,12:10:02,12:28:17
098-01,120.2000038464,1164.5843703522557,181600.0,301600.0,4000.0,43300.0,43300.0,181600.0,161800.0,301600.0,32.446021489925435,48.167960122248,2.305,,12:35:02,12:56:18
099-01,120.8000038656,848.2735237642563,210050.0,330050.0,3800.0,39900.0,39900.0,210050.0,189400.0,330050.0,19.707198859482155,38.33996825874,2.8358333333333334,,05:43:46,06:03:16
100-01,120.8000038656,926.4904460250388,139000.0,259000.0,14900.0,49800.0,49800.0,139000.0,120300.0,259000.0,38.400761823004856,48.275960032836,1.4866666666666666,,06:25:23,06:45:00
101-01,81.000002592,433.522932418465,247300.0,367300.0,6000.0,46800.0,46800.0,247300.0,126600.0,367300.0,12.771471731990655,36.863969480704,3.341666666666667,,11:52:41,12:15:28
101-02,59.000001888,468.9048344720136,282600.0,402600.0,3700.0,30000.0,30000.0,282600.0,190400.0,402600.0,14.085355156501734,46.151961791272,4.21,,12:09:16,12:29:39
101-03,59.700001910400005,505.65188322149413,158850.0,278850.0,3800.0,27900.0,27900.0,158850.0,82000.0,278850.0,14.568675245247203,45.251962536372,2.1825,67950.0,12:25:30,12:46:08
102-01,80.1000025632,339.30114787679224,110500.0,230500.0,7500.0,35600.0,35600.0,110500.0,93200.0,230500.0,25.144440512894906,45.431962387352,1.2483333333333333,,13:03:20,13:24:42
102-02,81.000002592,480.0137086905296,314950.0,434950.0,6800.0,38100.0,38100.0,314950.0,247300.0,434950.0,16.702072682792085,54.8999545489,4.614166666666667,,13:18:21,13:39:11
103-01,75.3000024096,260.65206063888917,144750.0,264750.0,4900.0,43300.0,43300.0,144750.0,114000.0,264750.0,11.201468203898736,36.647969659528,1.6908333333333334,,05:05:32,05:24:19
103-02,70.500002256,254.60987677673103,116300.0,236300.0,4500.0,31100.0,31100.0,116300.0,55400.0,236300.0,11.655268260463638,35.63997049404,1.42,46300.0,05:21:16,05:40:38
103-03,70.40000225280001,295.70106646622486,132800.0,252800.0,6700.0,33200.0,33200.0,132800.0,55100.0,252800.0,11.600842854799543,46.943961135584,1.66,55600.0,05:37:23,05:58:15
104-01,120.500003856,466.5408175271572,126700.0,246700.0,3700.0,39600.0,39600.0,126700.0,98300.0,246700.0,21.874061329945015,38.87996781168,1.4516666666666667,,06:21:06,06:40:04
104-02,100.500003216,588.5571416219531,265200.0,385200.0,5100.0,42300.0,42300.0,265200.0,217400.0,385200.0,9.787879061738126,49.427959079108,3.715,71300.0,06:35:25,06:54:39
104-03,101.000003232,586.6807084900175,187800.0,307800.0,3800.0,31800.0,31800.0,187800.0,85200.0,307800.0,16.025995182949895,48.635959734796,2.6,84700.0,06:49:42,07:11:06
105-01,90.6000028992,460.6410843895965,133050.0,253050.0,4300.0,30600.0,30600.0,133050.0,110500.0,253050.0,19.44069748304904,43.955963609316,1.7075,,04:52:46,05:13:14
105-02,80.1000025632,486.518545404506,208950.0,328950.0,6900.0,35000.0,35000.0,208950.0,71100.0,328950.0,11.799743126868583,47.15996095676,2.8991666666666664,66150.0,05:09:10,05:29:58
106-01,90.7000029024,257.0947943859481,70400.0,190400.0,2800.0,28200.0,28200.0,70400.0,60100.0,190400.0,21.582543283116568,31.175974189736003,0.7033333333333334,,05:20:04,05:37:56
106-02,85.60000273920001,204.00243763520237,136100.0,256100.0,3400.0,31300.0,31300.0,136100.0,45600.0,256100.0,7.084396845453502,47.015961075976,1.7466666666666666,60500.0,05:34:47,05:55:00
106-03,85.1000027232,216.0056520135333,119100.0,239100.0,4000.0,42800.0,42800.0,119100.0,63700.0,239100.0,10.680133450518984,46.475961523036,1.2716666666666667,48300.0,05:51:45,06:06:40
107-01,85.80000274560001,274.7065237665476,296500.0,416500.0,12400.0,40400.0,40400.0,296500.0,280000.0,416500.0,15.044251159859511,39.77996706658,4.2683333333333335,,06:20:46,06:39:31
107-02,65.500002096,291.1681846925296,123350.0,243350.0,3300.0,24700.0,24700.0,123350.0,54500.0,243350.0,10.970841083836733,40.355966589716,1.6441666666666668,53750.0,06:36:23,06:55:15
107-03,65.3000020896,307.3386814121645,123550.0,243550.0,3900.0,27500.0,27500.0,123550.0,49300.0,243550.0,12.249438363801078,48.41995991362,1.6008333333333333,65350.0,06:51:55,07:12:28
108-01,89.70000287040001,509.60160651856245,180100.0,300100.0,4100.0,30400.0,30400.0,180100.0,160200.0,300100.0,14.169609108491587,49.175959287736,2.495,,07:09:14,07:29:12
109-01,120.8000038656,667.7777066661307,247350.0,367350.0,5100.0,52200.0,52200.0,247350.0,149000.0,367350.0,12.544397523052796,32.3999731764,3.2525,,08:02:52,08:24:22
109-02,100.6000032192,699.9463163027169,359200.0,479200.0,4200.0,51400.0,51400.0,359200.0,202400.0,479200.0,13.180647615957389,43.55996393716,5.13,,08:17:14,08:38:41
110-01,120.3000038496,900.1587831727003,161150.0,281150.0,6600.0,35800.0,35800.0,161150.0,141800.0,281150.0,26.463227084117975,48.347959973228,2.089166666666667,,05:03:27,05:23:44
110-02,121.60000389120002,1018.6250429038188,147900.0,267900.0,3000.0,48200.0,48200.0,147900.0,127800.0,267900.0,36.75025645175326,48.275960032836,1.6616666666666666,,05:21:43,05:40:19
110-03,110.500003536,1013.3028273344627,218350.0,338350.0,15100.0,42200.0,42200.0,218350.0,130400.0,338350.0,21.33960598224088,47.87996036068,2.9358333333333335,70650.0,05:34:18,05:52:24
110-04,115.00000368,1064.8030205592577,200533.33333333334,320533.3333333334,3600.0,34500.0,34500.0,200533.33333333334,121800.0,320533.3333333334,24.810250579695037,47.951960301072,2.7672222222222222,49433.33333333334,05:46:35,06:07:27
111-01,80.4000025728,230.85003084015773,81300.0,201300.0,9100.0,42800.0,42800.0,81300.0,71700.0,201300.0,22.034237632758018,37.151969242272,0.6416666666666667,,06:41:07,07:01:18
111-02,70.30000224960001,290.7171978703908,146000.0,266000.0,4700.0,30300.0,30300.0,146000.0,68100.0,266000.0,9.313715985520494,44.45996319206,1.9283333333333332,51100.0,06:57:51,07:18:10
111-03,69.4000022208,331.26294054166954,142800.0,262800.0,4800.0,31400.0,31400.0,142800.0,58500.0,262800.0,12.005524852003626,46.007961910488,1.8566666666666667,65900.0,07:14:39,07:31:34
112-01,80.80000258560001,555.4594948438782,178600.0,298600.0,4700.0,41100.0,41100.0,178600.0,156600.0,298600.0,15.35831573075833,48.923959496364,2.2916666666666665,,07:32:57,07:51:24
112-02,55.500001776000005,555.4547338176507,174650.0,294650.0,4600.0,23100.0,23100.0,174650.0,67700.0,294650.0,13.979539228624256,46.007961910488,2.5258333333333334,50950.0,07:47:39,08:08:11
113-01,74.9000023968,266.7652972220872,55150.0,175150.0,4300.0,24800.0,24800.0,55150.0,47400.0,175150.0,31.400734003659696,46.835961224996,0.5058333333333334,,05:16:25,05:34:57
113-02,65.2000020864,259.81304184787314,128300.0,248300.0,20800.0,53700.0,53700.0,128300.0,75100.0,248300.0,13.33923296222985,48.05996021166,1.2433333333333334,45300.0,05:31:40,05:49:28
114-01,65.60000209920001,368.7290678537691,182850.0,302850.0,5000.0,31800.0,31800.0,182850.0,125700.0,302850.0,9.270149056753505,25.73997869014,2.5175,,06:03:19,06:22:29
114-02,70.500002256,387.75553814584714,155250.0,275250.0,5000.0,35000.0,35000.0,155250.0,67700.0,275250.0,11.862185477792828,50.03995857244,2.004166666666667,61450.0,06:18:46,06:37:51
114-03,70.60000225920001,403.997130410669,151950.0,271950.0,4200.0,30800.0,30800.0,151950.0,71100.0,271950.0,13.015850241262438,37.25996915286,2.0191666666666666,64950.0,06:34:00,06:53:51
115-01,120.00000384,1011.1560883383053,187000.0,307000.0,4600.0,36700.0,36700.0,187000.0,176700.0,307000.0,25.64550309267969,47.591960599112,2.505,,05:32:08,05:51:34
115-02,105.2000033664,1145.8491077198416,214350.0,334350.0,3400.0,34100.0,34100.0,214350.0,137600.0,334350.0,25.045065970653308,48.275960032836,3.004166666666667,60650.0,05:45:14,06:06:24
115-03,115.00000368,1377.0439964723896,264800.0,384800.0,3800.0,37600.0,37600.0,264800.0,175100.0,384800.0,23.28305022227496,48.923959496364,3.7866666666666666,65000.0,05:59:05,06:19:23
