flight,clip_type,clip_start_vid,clip_start_log,launch_lat,launch_lon,clip_start_lat,clip_start_lon,prox_move_v,prox_move_h,launch-group_bear,clip_start_ascent_adj
001-01,first,254000.0,238100.0,0.0712982061176619,36.9597190631806,0.0705927133516139,36.9624158578108,7.500000240002919,70.55319984345068,104.566331017698,81.80000280959999
002-01,first,204000.0,185700.0,0.0692608899531719,36.9624021011956,0.0668958715673137,36.9652088118152,9.900000316800742,63.08043322895709,129.9289815886752,86.30000282559999
003-01,first,107000.0,96850.0,0.0692644492478215,36.9623954143999,0.0706154315623839,36.9637678177134,8.20000026239677,300.84806288564334,45.64302184824266,84.50000276799999
004-01,first,0.0,624300.0,0.0607091997939794,36.94260665372121,0.0586390537120272,36.94150648445879,31.200000998387623,119.58139916016364,208.14796714486803,76.9000023968
005-01,first,164000.0,146600.0,0.0621055331178673,36.9336233087656,0.0644066047128801,36.9299520014051,13.700000438395136,205.32304953916264,301.9054142737079,81.9000025888
006-01,first,145000.0,136900.0,0.0621205161852688,36.9336338018285,0.0642864566371071,36.9306332997083,10.40000033280262,98.75768698272977,305.64156063794803,90.7000027744
007-01,first,151000.0,146450.0,0.0637860710939868,36.9221976833989,0.0613062177951788,36.922658364128296,11.100000355212616,93.68171706614268,169.40684682286408,93.3000027616
008-01,first,117000.0,104566.66666666666,0.0656895062273718,36.9677207659382,0.0650334963893834,36.9654241451312,6.500000207999165,62.08919571604832,254.1598065415185,89.4000027328
009-01,first,126000.0,118150.0,0.0670574093100021,36.965817292227,0.069547777984658,36.9644555469302,5.700000182396934,68.60189216437529,331.1676791945194,89.50000283199999
010-01,first,209000.0,216250.0,0.0697281862901696,36.96226517544649,0.0686216121907403,36.9583145405266,5.700000182394206,106.47139344727502,254.45208306228997,104.0000032
011-01,first,155000.0,150800.0,0.0603317509717302,36.9454250860028,0.0594517319207483,36.9434346090934,31.10000099520198,66.96791181025185,246.2910700492148,100.8000031616
012-01,first,160000.0,163200.0,0.0606052534420595,36.9419011656779,0.0631607714723344,36.939844740393895,27.900000892796243,111.49585826043406,320.98828154253783,105.1000032032
013-01,first,102000.0,179450.0,0.355592288340235,36.9193426007016,0.354851324318106,36.9181431830436,6.700000214391366,118.24462193102664,238.4648033012705,82.4000027328
014-01,first,208000.0,205950.0,0.369206399489052,36.9087390386624,0.36921005190706,36.9108277154553,5.600000179203107,69.87150370509708,89.90047027020339,82.90000274879999
015-01,first,165000.0,169600.0,0.359840963403469,36.8940277429413,0.3628026329961079,36.893758955954,5.000000160001491,167.54795267663326,354.7796638918305,103.20000285440001
016-01,first,124000.0,122366.66666666669,0.303913810220721,36.8942110784731,0.303211542560733,36.8960245390359,16.000000512008228,75.5135919912156,111.04002464453728,103.500002736
017-01,first,513000.0,517000.0,0.368327474062397,36.910457119392,0.369821230657503,36.9085996023632,75.90000242879682,322.7829358883602,308.61793023525263,80.4000023808
018-01,first,0.0,77400.0,0.359801264423224,36.8939980972101,0.361001374375215,36.892680619458496,6.800000217603156,58.65736628395617,312.13989881534167,81.80000242560001
019-01,first,348000.0,354250.0,0.357672391222395,36.8938414477832,0.356149319762146,36.8926112885758,8.500000271987119,112.59000309990496,219.11492877481845,89.60000277120001
021-01,first,203000.0,180000.0,0.312134026836451,36.88290074506279,0.3082072561337,36.883870210741,5.100000163196228,102.49877059811236,166.04216429671618,84.80000242560001
022-01,first,0.0,122800.0,0.274939067292446,36.876854409137394,0.270297462489765,36.878319074268,8.20000026239677,73.57981644593839,162.37627295957273,79.000002432
023-01,first,146000.0,142850.0,0.320252404731363,36.8777205112554,0.319962855922838,36.8802313082747,9.800000313596913,90.6116109429053,96.53481379972207,79.90000242880002
024-01,first,123000.0,121500.0,0.3367627230912341,36.8716583417738,0.3370715238186189,36.876172095463,7.600000243201066,85.93107234946274,86.11234361304426,86.6000023872
025-01,first,204000.0,201400.0,0.3526544726469329,36.8960321455987,0.3551454199907921,36.898847091319496,6.800000217600427,74.35149384422542,48.68472083564431,82.4000027328
025-02,first,222000.0,216800.0,0.352651647486192,36.896039406715104,0.3556722659686439,36.8991907206926,16.50000052799828,127.72499715382472,46.40476133087267,81.90000274879999
025-03,first,260000.0,263400.0,0.3526602522634989,36.8960305602456,0.3552260769197929,36.9007845443158,26.400000844809483,298.52041892891765,61.80341676448013,97.9000031648
026-01,first,100000.0,98400.0,0.3634296960390379,36.8965340851936,0.3632441015813641,36.8948243076735,7.600000243194472,67.02998623961177,263.8458970107398,66.500002384
026-02,first,149000.0,167600.0,0.363433179524146,36.896543573369605,0.363419546578624,36.895187882174,18.00000057599368,63.52885356403964,269.4276975624108,70.7000024224
027-01,first,95000.0,91450.0,0.355542370226524,36.919351179213,0.3571173941187939,36.9215773689226,6.600000211196175,243.92198330117915,54.901398681731614,96.50000241600002
028-01,first,128000.0,125350.0,0.339217159749596,36.9100307862528,0.336844940193092,36.9112062127694,7.200000230389833,92.26688722599305,153.48873181186383,93.70000251840001
028-02,first,0.0,307250.0,0.339217479936752,36.9100327919596,0.3370427615038029,36.9112285391212,28.000000895995527,93.4701364168677,151.03389546732174,90.60000241920002
029-01,first,0.0,99650.0,0.307705973765198,36.87944944292229,0.305264657419741,36.8795311585531,7.600000243204249,72.8253629597751,178.07003126884493,62.90000242880002
029-02,first,195000.0,191833.3333333333,0.307689133601423,36.879444027491104,0.305601633147472,36.8801350871693,20.10000064318774,97.30612404009489,161.5681744626625,66.80000242560001
030-01,first,144000.0,147600.0,0.3578051576539121,36.9199599812618,0.3556863110686471,36.91952744222751,15.400000492803429,307.1921966547343,191.6132038144747,71.60000241920002
030-02,first,112000.0,145200.0,0.35780695297152,36.919943277060106,0.355821162585579,36.9196429825052,20.20000064639976,73.01179956402879,188.6561227984241,71.80000242560001
031-032-01,first,230000.0,232366.66666666663,0.371605891655904,36.9034651832341,0.3701122473812979,36.9022295638415,12.60000040320392,478.5571124168917,219.7878417561195,69.9000023968
031-032-02,first,104000.0,106850.0,0.3716032915580829,36.903462877111394,0.370079266822125,36.90236977101321,8.600000275213006,107.06149072486798,215.8318545670708,83.00000275200001
031-032-03,first,82000.0,76633.33333333333,0.3715970569649361,36.9034619921775,0.370143745304245,36.902479995488704,6.300000201607418,72.12037536416021,214.22492240086848,81.10000269119998
033-01,first,166000.0,165450.0,0.3573264239068129,36.89421845342729,0.357520667842334,36.8911689745154,6.000000191987965,99.8845063920566,273.62041635672404,84.10000272319999
033-02,first,156000.0,159050.0,0.35733249925989,36.8942248289672,0.3578997805685301,36.8901017115103,17.200000550402137,135.0883787644347,277.7822524522041,84.30000272960002
034-01,first,42000.0,203300.0,0.304515203462471,36.8773565768836,0.307943433271653,36.8797191985016,11.000000351998096,172.10503246886998,34.75295456856206,97.2000023744
035-01,first,138000.0,151500.0,0.30515069592415,36.8794113456835,0.3063275928610969,36.8825655261398,7.600000243197655,69.7268063578111,69.66375374190592,85.40000241279999
036-01,first,140000.0,144300.0,0.318045825061427,36.886931090957,0.321595794857293,36.8869834038506,10.300000329603108,280.2452881082885,0.8499336743829585,80.9000026848
037-01,first,318000.0,342300.0,0.353320494506787,36.8836847200068,0.349509092675732,36.88496260119421,8.30000026560515,76.8915763101167,161.34882675713527,86.7000027424
037-02,first,230000.0,233800.0,0.353317824313549,36.8836872395477,0.34922727254559,36.885138253505296,28.90000092479613,225.4284147368914,160.34798648662573,87.10000272319999
038-01,first,144000.0,142100.0,0.3633541879000789,36.8967325138208,0.364685985734735,36.8985919988358,6.800000217600655,81.93729753100713,54.57048051073996,76.6000016192
038-02,first,36000.0,180000.0,0.363357396147076,36.896733698788,0.364764384546541,36.898638557868296,28.90000092480477,139.6606917315241,53.73243899796445,76.70000162240001
039-01,first,173000.0,175150.0,0.305150042247361,36.8794036814399,0.306119150541738,36.884355300093496,17.700000566405606,68.45738520742367,78.99845448750226,85.9000023968
039-02,first,240000.0,233800.0,0.305146082486313,36.8793887081209,0.3063238283272489,36.8842375892994,24.600000787208277,162.6317118351497,76.43559521516977,75.60000209920001
039-03,first,236000.0,238200.0,0.3051470494148039,36.8793943551694,0.306468272818804,36.8842030489427,23.500000752000236,127.00596295208898,74.73449261866632,79.60000209920001
040-01,first,101000.0,103800.0,0.280717696494981,36.8897855523821,0.281707466067938,36.8914045838424,10.000000319997753,104.72701357455163,58.73180950742533,81.40000241279999
041-01,first,126000.0,128200.0,0.350064526826365,36.914646803579295,0.352842758516433,36.914532139953,8.700000278398875,96.64775054166768,357.6207565767515,69.500002736
041-02,first,124000.0,122850.0,0.350051754877908,36.9146518041834,0.352996354890961,36.9144759043839,6.600000211208226,79.94611312775695,356.55850065525897,87.8000033856
041-03,first,179000.0,181000.0,0.350068992138548,36.914658476863714,0.352887541315916,36.9146739549477,19.80000063361058,83.10625704548752,0.3167514060992226,89.500003376
041-04,first,0.0,208550.0,0.3500664446018869,36.9146630558945,0.3511691214784061,36.9143927663058,17.200000550411232,112.94164910578918,346.13814347500784,98.8000033856
041-05,first,131000.0,133100.0,0.350065633342538,36.9146539837755,0.3508896404195539,36.913923459872,7.7000002463969395,158.84354833415983,318.2508193063591,107.500003696
042-01,first,83000.0,82500.0,0.3395206949993489,36.910290375771,0.3385483574497009,36.9089064664991,8.800000281604525,73.77787650505375,235.0883926507506,68.60000241920002
042-02,first,122000.0,118850.0,0.3395232403249389,36.910267242279296,0.337931689334597,36.9083979860499,21.900000700792816,93.84511759432208,229.77711479585065,71.20000240640002
043-01,first,108000.0,119200.0,0.356699834640989,36.9196071703674,0.354277401714207,36.918917240092505,7.800000249595541,102.7499997749546,195.99880109978167,85.500002704
044-01,first,222000.0,208133.3333333333,0.35665334651076,36.8955209043055,0.354796603919931,36.8985150245629,9.200000294421445,375.6761584724975,121.63265485004312,82.500002736
045-01,first,190000.0,189150.0,0.35367372898883,36.883673288497,0.34866782745738,36.88262728456501,5.0000001599999,77.81126582984507,191.8794482881812,82.4000027328
045-02,first,178000.0,175950.0,0.353682474925863,36.883680947911294,0.348162830138103,36.8832143369491,15.000000479993332,99.19150087893328,184.86441026832927,93.4000028928
045-03,first,129000.0,125900.0,0.3536711711905611,36.8836862902759,0.3488099947004519,36.8835166689332,29.200000934407853,127.30789637677688,182.01183404720888,101.3000032736
046-01,first,127000.0,125600.0,0.349649234319393,36.8976974940326,0.352455889662611,36.8989404722827,7.700000246398076,133.22627091988815,24.02942990234008,76.10000272319999
047-01,first,107000.0,104900.0,0.356698197484656,36.8968498357407,0.354917181250297,36.8988911098572,5.50000017599632,91.0052825227419,130.9147578827932,98.6000031872
047-02,first,175000.0,173300.0,0.356690786535264,36.8968518663759,0.353541739199543,36.90059293635289,24.50000078400035,117.52974426667966,129.9000539674527,100.4000032128
048-01,first,150000.0,147200.0,0.3693083698740189,36.9024630153067,0.3717903538134821,36.9037408945562,11.300000361599814,113.18990433411729,27.398648866672257,81.80000242560001
049-01,first,136000.0,134300.0,0.3079807482701229,36.8793957133504,0.313177382157303,36.8786165507514,9.300000297603448,137.13038876799908,351.41633194257133,80.7000030304
049-02,first,294000.0,288750.0,0.307984495662606,36.879387218603,0.313354772289454,36.8786717126176,29.600000947198623,163.47537627810678,352.36049185613444,80.6000030592
050-01,first,119000.0,116750.0,0.307985358990954,36.8793943399502,0.313132594375532,36.8814391550739,17.00000054398538,77.7373479437831,21.79825015356729,77.7000027424
050-02,first,272000.0,270650.0,0.307992690791099,36.87939753667821,0.313014297282859,36.8815186192281,23.400000748810044,229.7930110628668,23.03672526887521,68.40000241279999
050-03,first,192000.0,190000.0,0.3079905500174461,36.8793972714031,0.313460350402221,36.8827189828679,20.20000064640089,80.94050658937493,31.440175611241436,70.40000241279999
051-01,first,246000.0,242650.0,0.328584987794418,36.907059734970495,0.3243695588643049,36.9060824529819,7.9000002527991455,246.06004444708785,193.13727474917664,55.700002422400004
051-02,first,208000.0,205800.0,0.328597770489691,36.9070623549475,0.322765331695525,36.9046033156986,20.10000064320593,195.71770713614364,202.99874194126213,53.10000272319999
052-01,first,81000.0,79250.0,0.345830284622497,36.91337841882071,0.343432105018797,36.9115787291431,6.7000002144079644,74.44802375308632,217.07045574071125,78.50000241600002
052-02,first,22000.0,146850.0,0.3458268913746889,36.9133927225511,0.343447090499044,36.9115234310121,20.80000066556704,140.46267101215656,218.33559896618303,78.30000240960003
053-01,first,79000.0,76800.0,0.356510412930327,36.9195166567428,0.354606948815424,36.91931825631279,8.40000026880557,100.42409214169288,185.99022071029637,95.8000030976
053-02,first,120000.0,119050.0,0.3565106158367321,36.919533111814,0.354408361158659,36.9192669486158,17.000000543992655,99.80051165892148,187.26371110703707,94.9000030688
054-03,first,196000.0,194900.0,0.354651255378706,36.897587257874605,0.351664484484156,36.8980942645111,9.100000291205106,82.46782152498808,170.302315572579,106.7000033824
055-01,first,97000.0,95100.0,0.297835847656255,36.8800340600574,0.296682564508362,36.8814029842268,12.900000412805184,105.5547087176195,129.92412819961524,82.30000240960003
055-02,first,164000.0,162200.0,0.297830024171167,36.8800306331347,0.296495697673201,36.8816134874052,15.80000050560443,251.26039015287492,129.94131072864593,93.10000272319999
056-01,first,113000.0,109666.66666666669,0.308055157789741,36.87938533959,0.3125455670498729,36.8806312158507,6.100000195204757,100.99124366025688,15.606026218061094,80.00000275200001
056-02,first,163000.0,159966.66666666666,0.3080609447275661,36.87938831652379,0.312685697935573,36.8809290291146,21.60000069119724,93.35441981070524,18.54067946761543,89.4000030528
057-01,first,123000.0,122050.0,0.337535482694552,36.9089563919775,0.335024425448252,36.9070586463464,7.200000230400292,96.57347889754874,217.2651805354124,68.60000209920001
058-01,first,94000.0,91250.0,0.3696585400782029,36.9022765343548,0.370790557778675,36.903919586331,6.800000217592242,86.9657300588796,55.61324034472169,86.80000242560001
058-02,first,113000.0,109300.0,0.369655087204526,36.9022756243038,0.371263745494409,36.9031421039926,23.600000755194515,93.7463756257852,28.468922412210777,82.9000023968
059-01,first,109000.0,105950.0,0.363246666130954,36.896313352024606,0.3610438448933089,36.89458948223511,5.700000182398071,60.0651416172359,218.2321703565917,62.20000240640002
059-02,first,123000.0,117350.0,0.363247887580296,36.89633204871311,0.361155260030062,36.894925860598896,8.400000268802387,88.39367491947178,214.07786578507404,71.4000027328
061-01,first,123000.0,120333.33333333331,0.337732070708597,36.9091319646768,0.3360785429509689,36.9075162892999,9.00000028799218,72.07724243920052,224.5285215156717,87.500002576
061-02,first,6000.0,141300.0,0.337741537660507,36.9091318725579,0.335160007170344,36.9075544916914,5.000000159998081,76.29197478330435,211.5970374944212,89.4000027008
061-03,first,149000.0,144350.0,0.337736682762847,36.9091308215055,0.335157202337117,36.9077719014402,19.800000633591253,124.439124913722,207.93971802839823,81.20000240640002
062-01,first,263000.0,260500.0,0.373306088813285,36.9148113909823,0.374786639965601,36.9168255437759,8.300000265604695,108.03656283424912,53.864240289636925,80.60000241920002
062-02,first,26000.0,142300.0,0.373279819973254,36.914809951787,0.375738378076939,36.9163252414768,18.500000591987373,62.1164279257805,31.81848020296375,83.40000241279999
062-03,first,195000.0,201700.0,0.37328312654905,36.9148256315233,0.3757343796780971,36.9166378203044,21.400000684797305,136.15176441543574,36.65872217372855,85.000002432
063-01,first,335000.0,341300.0,0.313740210429078,36.8862270917646,0.311875845895435,36.8841367570238,13.100000419208982,56.37771973854143,228.46097975430897,79.40000209280001
063-02,first,206000.0,199400.0,0.313731088879726,36.8862339340429,0.311869345287715,36.8841448128072,23.00000073600745,162.51125995427,228.48447208833457,79.60000209920001
063-03,first,158000.0,161450.0,0.313732350786408,36.886237221201895,0.311879760674033,36.8841643298665,19.10000061120104,63.26592678235919,228.4028356711704,79.60000209920001
064-01,first,158000.0,142650.0,0.307541905614578,36.87940453576071,0.310889195899609,36.8825867346284,7.000000224002179,66.71470309475252,43.74342274834333,68.40000209280001
064-02,first,219000.0,290500.0,0.307546690561438,36.8794027614603,0.310463950048602,36.8830741200474,21.20000067838828,146.83998390849237,51.71625003952275,74.8000021056
064-03,first,200000.0,196250.0,0.307535375647923,36.8794069942605,0.310462241946153,36.8830975536655,22.000000704001422,75.81276670229276,51.76997633769098,74.60000209920001
065-01,first,223000.0,243900.0,0.30754933754041,36.8794063879839,0.311853019588267,36.8788310214828,7.600000243208797,75.50404058738168,352.3345860924846,62.20000211840001
065-02,first,204000.0,212400.0,0.307529460022083,36.8793965965448,0.311850533708117,36.8788277680373,21.100000675205138,67.98176594697696,352.4508243289956,61.70000210239999
065-03,first,167000.0,164550.0,0.307534436341555,36.8793866441519,0.311857424398261,36.8788255493297,17.900000572811223,72.79038938600097,352.55556256377605,61.500002096
066-01,first,246000.0,253500.0,0.313743121252111,36.884666560767,0.313551883150427,36.88756248139161,7.100000227205101,149.48320707023066,93.7529884827871,81.30000256960003
066-02,first,173000.0,168000.0,0.31373575603036,36.8846557224377,0.31629783563695,36.888648543682606,20.90000066879793,91.34263300659354,57.48713628246697,85.6000025792
066-03,first,140000.0,286500.0,0.313738985303065,36.88465456459971,0.3154116302788889,36.8890119075953,13.300000425622784,126.56990871292028,69.12793072634922,86.000002592
067-01,first,84000.0,92800.0,0.334221223081991,36.9066009199749,0.333265883685932,36.904784323308704,7.300000233604123,173.51982574515762,242.4181768430039,71.7000024224
068-01,first,184000.0,192800.0,0.3767485264896849,36.9245188346447,0.3738495870358571,36.924067719801606,8.800000281604298,61.108686626446335,188.90354049761075,62.000002400000014
068-02,first,157000.0,151166.66666666666,0.376744344856793,36.9245242643659,0.3738513067640129,36.9240976467009,18.20000058240589,73.36349169653975,188.44412583770088,65.80000242560001
068-03,first,247000.0,250550.0,0.376730013289471,36.92451853749871,0.3736657341993049,36.9242998610607,22.70000072640073,95.20922836832486,184.10921190285163,63.500002416000015
069-01,first,110000.0,128000.0,0.3646238963510471,36.8985401008385,0.3657837040146169,36.900955296542,5.600000179185372,60.76821320203042,64.4984862442531,70.9000016288
070-01,first,402000.0,398700.0,0.354614112996047,36.8888804864309,0.355961956994305,36.8817552361321,4.70000015038795,66.78876826882001,280.64191335164105,80.30000272960002
070-02,first,191000.0,248900.0,0.354611627413091,36.8888859478235,0.3559039662576,36.881740417810704,17.300000553594373,61.85398555172746,280.1847101369408,81.40000276479998
070-03,first,211000.0,205100.0,0.354608992782676,36.8888860927144,0.355907671597157,36.8817438707616,19.80000063359944,78.4363890696537,280.2382605674595,80.30000272960002
071-01,first,68000.0,64100.0,0.3646345661770879,36.8985610572899,0.364818966287931,36.9000933970697,12.800000409603172,72.71302259071622,83.18344355297477,84.500002096
071-02,first,150000.0,146950.0,0.364632014434235,36.8985506661415,0.364497155400338,36.899468805698106,18.40000058879491,86.93701240365695,98.3010302412912,72.40000193280001
071-03,first,126000.0,141400.0,0.364625195179059,36.8985553406076,0.364496929992962,36.899346393137705,19.100000611205587,73.46576143403828,99.14963911102784,72.60000193920001
072-01,first,133000.0,146200.0,0.364685964670322,36.9257815025477,0.367059560275846,36.9276303827518,8.700000278406833,101.81526969076636,38.10246914901663,60.100002083199996
072-02,first,129000.0,136800.0,0.36469246582622,36.925784649289,0.367581789033269,36.9285954439445,18.1000005792032,78.60192739462184,44.40247217791573,65.2000020864
073-01,first,68000.0,101000.0,0.335867975363846,36.9072025017467,0.3342630625854339,36.906887738795206,7.300000233590254,68.15172191891773,191.16899424917895,67.8000020736
073-02,first,95000.0,180300.0,0.335856807027793,36.90719870560911,0.3341693692127069,36.9068865470354,19.200000614397823,148.83439579526072,190.5495221530075,69.90000210880001
074-01,first,0.0,119050.0,0.341404254782829,36.9110343736684,0.337956597059276,36.9088966656176,6.600000211203223,92.96488534195086,211.9730007227971,76.70000261439999
074-02,first,185000.0,188600.0,0.341420150146681,36.9110502635272,0.337847284139577,36.9088227310639,19.00000060799175,73.97160279526554,212.11439345405947,77.7000025824
074-03,first,156000.0,146450.0,0.341419678436308,36.9110526457055,0.337848593851672,36.90882226393,19.800000633596028,105.74666550834634,212.16025606690832,77.9000025888
075-01,first,189000.0,192266.66666666663,0.353936662956496,36.919722082345295,0.355671042235338,36.9179971223312,9.50000030400065,87.48226920034743,314.9641455664077,63.40000225279999
075-02,first,147000.0,127700.0,0.3539373863749849,36.9197217292131,0.355399896594712,36.9180304697947,20.10000064320093,116.66331113047912,310.66172579601124,65.80000226560001
076-01,first,190000.0,194150.0,0.352821033222062,36.8834155343048,0.356819288715339,36.8854827142326,15.700000502421744,558.0254467120069,27.496737009349317,73.6000025792
077-01,first,92000.0,70050.0,0.349714655687199,36.8934929030363,0.347721694731581,36.8947417631194,9.700000310398307,407.9853977104432,147.754346354088,93.00000272
078-01,first,150000.0,175400.0,0.347650901343863,36.8999728501534,0.341540583249326,36.90003088521829,9.80000031361442,130.69344065603605,179.4521705963655,86.4000012928
078-02,first,178000.0,193100.0,0.347648891772838,36.8999819809218,0.341468116505755,36.9033280269607,12.000000383991846,160.68412267287647,151.40951682227518,117.70000162240001
078-03,first,320000.0,330000.0,0.347654664111624,36.8999844132948,0.342218899774728,36.9055280276536,30.20000096639251,201.98071801495388,134.24533963579333,126.3000016096
079-01,first,97000.0,94250.0,0.347646928603454,36.89998385372579,0.344925200497904,36.8994404020307,5.300000169592977,56.96301887986802,191.36576041903348,78.8000013056
079-02,first,165000.0,162200.0,0.347652618187613,36.89998034240811,0.3440155840329289,36.90513002932,22.500000719994887,138.37347824843232,125.05149194490706,110.20000160640001
080-01,first,83000.0,85200.0,0.347663813965073,36.8999723127573,0.341826073241112,36.9008675517513,14.700000470396844,60.9121240652776,171.22371299651817,74.500000976
080-02,first,197000.0,236200.0,0.3476627802313981,36.8999664764931,0.3414441551999169,36.9007534056765,19.800000633580797,130.6295047275923,172.73994138258587,70.500000656
080-03,first,74000.0,212700.0,0.347663061788932,36.8999666039108,0.340807584916759,36.90058739732429,19.700000630414934,82.99497434723008,174.79114104802028,69.7000006624
081-01,first,143000.0,147200.0,0.350441039084263,36.8961506877719,0.349991436488517,36.8931332689925,6.200000198403359,125.43804317004584,261.5809141380775,81.500002576
081-02,first,135000.0,128266.66666666669,0.350453079881089,36.8961519396905,0.347557531056103,36.8947260814523,20.200000646406124,124.83374104434446,206.36948189738072,97.9000029088
081-03,first,253000.0,259650.0,0.350444270729046,36.89614217258821,0.346842610389546,36.8956164288933,20.800000665597963,217.382364648344,188.3599873257856,88.6000025792
082-01,first,187000.0,186000.0,0.355954748247551,36.8882760479037,0.355588010301568,36.8832431072028,6.100000195204302,104.62784213417832,265.86010149367416,91.3000028896
082-02,first,21000.0,278600.0,0.355961705764353,36.8882905127553,0.355979158009348,36.8816602697161,23.20000074240488,260.08435344402693,270.14982855335745,94.4000030528
082-03,first,299000.0,304900.0,0.3559516841979221,36.8882828172022,0.356124639551022,36.88076424346311,18.5000005920042,78.77140856865968,271.309015375497,94.500003056
083-01,first,67000.0,151200.0,0.350323561728701,36.897329502201,0.353696141021598,36.8929067335501,9.600000307207438,124.44193209642644,307.1424506411235,76.500002736
083-02,first,146000.0,142950.0,0.350327694803198,36.8973392395742,0.354447400723622,36.8922585163165,19.90000063678167,102.90473248359343,308.84929056457247,75.9000027168
083-03,first,180000.0,190900.0,0.350320743288488,36.8973220922401,0.352547314628621,36.8923772242889,26.400000844800843,171.82382625730958,294.0977139217148,84.10000272319999
084-01,first,397000.0,395050.0,0.339158568124663,36.91002733972039,0.337163802670596,36.9082487686535,37.70000120639975,924.7869843968136,221.91154707267484,78.70000245439999
084-02,first,67000.0,120100.0,0.3391587836003539,36.9100267976969,0.3371146602448649,36.90858606892,20.40000065278582,68.3076819823011,215.357708272495,72.4000022528
084-03,first,61000.0,133500.0,0.339149278723249,36.9100263847798,0.337061285291667,36.908639917757895,20.800000665603196,133.29933611341173,213.7620275731753,73.4000022848
085-01,first,141000.0,144550.0,0.318385180997961,36.90286520665021,0.3152351523602589,36.9021797245151,19.500000623998854,74.28834761649401,192.35683661105068,90.7000030624
085-02,first,199000.0,167050.0,0.318392360766979,36.9028571243534,0.315225185478287,36.9026512797116,18.200000582404527,145.39246791652326,183.7435353443963,104.9000031968
085-03,first,155000.0,158350.0,0.318390080326857,36.9028633134091,0.3151710295423749,36.9026956842466,18.60000059519234,69.59090114995193,183.00094090153,92.2000028864
086-01,first,78000.0,143750.0,0.311969847151728,36.9075262137814,0.315007874488674,36.9079208045148,9.400000300780448,64.84861895035104,7.449572167796204,78.1000024032
087-01,first,140000.0,142850.0,0.33952905666717,36.901874212627,0.336108000597843,36.904852961371,7.100000227193732,133.38869306849475,138.7633846882974,99.00000240000001
087-02,first,123000.0,112450.0,0.339525670965259,36.9018762227473,0.336097815047931,36.905052585482,19.900000636807132,82.31419977073062,136.98938793044897,99.50000241600002
087-04,first,184000.0,153800.0,0.3395426262194289,36.9018919035098,0.336183338584733,36.9049894757039,21.20000067840442,151.2461549663955,137.12974527487307,99.60000241920002
087-05,first,184000.0,186650.0,0.3395454296929181,36.90189281303729,0.334708966578419,36.9057976189413,19.20000061439987,137.84442497956758,140.89594758151028,110.40000241279999
088-01,first,111000.0,105900.0,0.343862359884498,36.9119996884765,0.340987717166402,36.911563990126,5.300000169617078,58.34862343916934,188.6755512537251,81.4000026048
088-02,first,164000.0,158750.0,0.343845130038142,36.9119785944661,0.341020602746784,36.912158538321705,23.00000073598835,118.3710498080624,176.3303151193676,84.40000257279999
088-03,first,211000.0,192450.0,0.343868248063327,36.9120001450413,0.340263278611242,36.912354366525,24.20000077439522,149.36290840982286,174.35069894395056,89.40000257279999
089-01,first,114000.0,117700.0,0.353929173760132,36.9196977688534,0.3554399921742709,36.9182848174273,7.700000246405125,101.134136975516,316.725662773413,65.2000022464
089-02,first,148000.0,156300.0,0.353940618264147,36.9196895453993,0.355183960145739,36.9182131229769,24.50000078399989,86.32924181670988,309.9128308383961,65.2000022464
090-01,first,297000.0,295100.0,0.368476612675007,36.9024155218666,0.367803324451015,36.9038189919897,28.400000908788343,1211.7358991653578,115.47917428500509,94.40000257279999
090-02,first,137000.0,133900.0,0.368492381332563,36.9024418854675,0.3653464936313111,36.90340473711029,26.30000084160565,109.3223776242594,162.87472338972515,92.00000256
090-03,first,173000.0,175500.0,0.3684724755393379,36.9024080425,0.3648482585452271,36.902056263657,24.800000793589334,140.09959101433878,185.58097096980495,86.30000256960003
091-01,first,149000.0,152250.0,0.0376306236020058,36.87934369738621,0.0317461396624981,36.8820465484305,6.600000211198449,180.10725898877723,155.18352804637595,96.1000023712
092-01,first,209000.0,206500.0,0.0544827843356574,36.878597274359606,0.0516238052629622,36.8753924865435,29.80000095359765,249.0684197154338,228.45506028356112,79.90000274879999
093-01,first,154000.0,158966.66666666666,0.08051374837988,36.8784515384398,0.0753212642184723,36.8794901858148,5.600000179200833,131.63724636865615,168.61423071850544,87.80000274560001
093-02,first,146000.0,148550.0,0.0805171792151542,36.878448521875,0.0765958904934504,36.879204726368606,17.00000054399061,65.67912631148644,169.01296877846596,86.7000027424
093-03,first,129000.0,116450.0,0.0805026343895607,36.8784551592191,0.0775899597037245,36.87866003931121,9.400000300790907,148.25197074424557,175.94936855940531,85.00000304
094-01,first,138000.0,135050.0,0.0316368636105516,36.8844107867753,0.0289789272563057,36.88867309921729,7.000000223993993,83.5360431096742,121.77472549912068,107.80000274560001
094-02,first,234000.0,230100.0,0.0316474924378896,36.8843907971188,0.0284565940495159,36.8895495151923,16.400000524799225,98.81699919006368,121.56673657782696,112.3000028896
094-03,first,313000.0,309200.0,0.0316402410707534,36.8844013361,0.0288904503460266,36.888893829677,41.40000132479554,995.2592728321242,121.29910542758375,111.500002864
094-04,first,154000.0,201200.0,0.0316484361460581,36.8843831482351,0.0283993028904888,36.8896378960394,18.900000604787465,89.18759288208042,121.55758498438897,114.4000028928
095-01,first,113000.0,104500.0,0.0736399395050219,36.872375474637,0.0693220082127125,36.8694857193014,4.800000153603605,70.1678912065133,213.97032502661727,93.8000027136
095-02,first,170000.0,145550.0,0.073646929215256,36.872371099484894,0.070299074317039,36.871871818990606,21.60000069120042,179.56998686531352,188.53857814690923,88.500002736
096-01,first,136000.0,128433.33333333331,0.0065460978706481,36.900322111063,0.0123688185164208,36.9027170768135,6.600000211210727,67.61150799287279,22.493756723934435,82.7000024224
096-02,first,181000.0,156900.0,0.0065432115203173,36.9003265759097,0.0137729741686387,36.9018970407837,22.800000729600697,361.3866281572155,12.335596076102634,80.50000241600002
097-01,first,170000.0,153550.0,0.0460924952797725,36.8669167414337,0.052923105155035,36.8664839386216,11.60000037119653,265.55017709503454,356.3500902691385,129.80000386560002
098-01,first,105000.0,181600.0,0.0461417934691011,36.866934713841,0.0362280121676385,36.8702757982369,8.500000271997123,162.60868141461287,161.25867712815062,125.2000038464
099-01,first,226000.0,210050.0,0.0769798738016295,36.8736590285058,0.0704204097047528,36.8697808256499,16.100000515206375,83.91195067344567,210.76203711437205,124.80000386560002
100-01,first,140000.0,139000.0,0.0615054789033151,36.8727211848894,0.0698262615044656,36.87253770540849,7.800000249596906,179.35005120310896,358.72828024929873,126.80000386560002
101-01,first,245000.0,247300.0,0.305868263980141,36.8800455250839,0.307896964196992,36.8833698393491,27.700000886397905,268.6758503823309,58.7763864066595,97.000002592
101-02,first,244000.0,282600.0,0.3058526188224389,36.880047386779296,0.308075089288746,36.8836256531663,29.100000931213344,252.2030168442401,58.32732804530443,75.000001888
101-03,first,161000.0,158850.0,0.305856189479275,36.8800514853307,0.3084027763095689,36.8838128984667,20.900000668791563,79.83995470215773,56.0788906197602,78.7000019104
102-01,first,145000.0,110500.0,0.2892974675265869,36.8890189209124,0.288828732002485,36.8860071463956,10.300000329595832,181.22471925911003,261.2119669627041,77.1000025632
102-02,first,311000.0,314950.0,0.289292858972746,36.88901211554821,0.2888414356446049,36.884723719117,21.80000069762468,75.65621682551472,264.03069060930136,74.000002592
103-01,first,147000.0,144750.0,0.3790056644947461,36.9222657050561,0.3775176725337829,36.92407361498872,14.80000047359431,76.04577469348843,129.26783610308308,71.30000240960003
103-02,first,119000.0,116300.0,0.379001475937068,36.9222477791967,0.377255483003769,36.9237252381705,17.900000572788713,70.40908162460576,139.5728483505272,64.50000225600002
103-03,first,130000.0,132800.0,0.378999676727094,36.92225407948071,0.3765090109652221,36.9231774964554,18.500000592008064,86.02265299491887,159.5323347797046,64.4000022528
104-01,first,129000.0,126700.0,0.353886341316019,36.8971847364538,0.353047324426323,36.89307849291711,7.800000249581444,171.81610675073847,258.5269255819193,119.500003856
104-02,first,156000.0,265200.0,0.353883883722921,36.8971746120611,0.3526746070751489,36.8920275672348,4.600000147206629,56.74362961492913,256.86359394654147,98.500003216
104-03,first,144000.0,187800.0,0.353883705281573,36.897190488209,0.3528141952217921,36.8920298083245,21.90000070079691,133.17394203990017,258.36768231077264,99.000003232
105-01,first,136000.0,133050.0,0.3544281866579229,36.9190286094298,0.3507034484084669,36.9172259534165,11.300000361600269,77.41536464686952,205.97631546949503,113.6000028992
105-02,first,215000.0,208950.0,0.354429987637012,36.919025346819296,0.3501968679927689,36.9179382613835,23.20000074239738,136.1226098959131,194.4953307818616,101.1000025632
106-01,first,178000.0,70400.0,0.35443669083866,36.9190213639004,0.3566273860065,36.918290086683605,13.60000043518994,54.75826334677317,341.42488732546343,72.7000029024
106-02,first,138000.0,136100.0,0.3544325612379899,36.919014893833705,0.356093427076115,36.9182403515189,19.50000062400204,64.56600107244856,334.8507769003895,72.60000273920002
106-03,first,121000.0,119100.0,0.3544313903006429,36.919023185496,0.356178405041585,36.918178694630896,16.500000528002147,69.4708944634309,334.0506352266189,72.10000272319999
107-01,first,294000.0,296500.0,0.376646726204369,36.9241177423292,0.375466059215403,36.9262847500605,24.10000077120389,60.84666457762578,118.42233013078058,84.80000274560001
107-02,first,126000.0,123350.0,0.3766474620631141,36.924102926793296,0.375351978445316,36.9263752276897,18.20000058240612,64.99759844923578,119.52354300417666,64.500002096
107-03,first,127000.0,123550.0,0.3766265210268421,36.924128817184,0.375231850941815,36.9265115771069,19.700000630396744,81.98724575904899,120.17420078491814,61.3000020896
108-01,first,178000.0,180100.0,0.376626142536857,36.9241221873707,0.380530950840191,36.921732785601286,5.300000169600935,83.30541087053005,328.36598119549075,94.70000287040001
109-01,first,244000.0,247350.0,0.358282826570868,36.893239542564295,0.355324009684388,36.8880211663157,28.40000090879676,63.68457161161581,240.611157170008,115.80000386560002
109-02,first,361000.0,359200.0,0.358280795309746,36.893237859052896,0.3562176457547579,36.8872981395384,29.3000009376035,372.9482919395709,250.9640740574764,90.6000032192
110-01,first,158000.0,161150.0,0.350523544199933,36.8971066819657,0.354151524427361,36.8898798293427,7.700000246397622,92.9148254647449,296.50374554401066,114.3000038496
110-02,first,162000.0,147900.0,0.350524159660364,36.8971100373263,0.353993842984067,36.888642746896,15.000000479999471,58.71054906207455,292.148292370731,116.6000038912
110-03,first,216000.0,218350.0,0.3505252429077659,36.8971299332301,0.353796888496992,36.8886353835624,21.20000067840283,100.14525647989234,290.9356497030081,105.500003536
110-04,first,226000.0,200533.3333333333,0.350519686837686,36.8971295665923,0.353640168218882,36.8880874195513,14.100000451190226,141.38103557837795,288.9217594176581,111.00000368
111-01,first,87000.0,81300.0,0.375914681878198,36.9254400101137,0.377099617927399,36.9237380886177,14.3000004576013,96.15602176057176,304.6672952960289,86.40000257279999
111-02,first,192000.0,146000.0,0.375905423866919,36.925458142113904,0.376275867347981,36.9228729361915,18.40000058882879,99.1869346813607,278.1009281702691,74.30000224960001
111-03,first,147000.0,142800.0,0.3759099400377721,36.925447345194,0.376186205399971,36.9224843474353,24.30000077759792,77.47862164013483,275.29143842691343,73.4000022208
112-01,first,139000.0,178600.0,0.375914557434408,36.92544864650221,0.379492782026707,36.921970900931896,15.800000505598518,55.47850314396237,315.6241315752358,91.80000258560001
112-02,first,219000.0,174650.0,0.375908110423716,36.9254399232334,0.379490402582514,36.9219664292773,18.300000585601765,78.55305228457718,315.6917049076527,66.500001776
113-01,first,57000.0,55150.0,0.37413203805587,36.9266630685594,0.372187942164791,36.928064238053295,15.600000499200178,64.65745771037537,144.03639196296638,84.9000023968
113-02,first,120000.0,128300.0,0.374142344079905,36.9266784227513,0.372202351957261,36.927976027911,17.700000566396056,64.89956143363167,146.04506120066063,72.2000020864
114-01,first,203000.0,182850.0,0.371701466963116,36.9135445717747,0.37431222893312,36.9155831393511,14.400000460788306,61.84082150617574,38.170100845747214,72.60000209920001
114-02,first,159000.0,155250.0,0.371696891331428,36.9135383655162,0.374402277285361,36.9157325035609,16.300000521606762,60.31979276777,39.23074585721599,76.50000225600002
114-03,first,154000.0,151950.0,0.371722298812767,36.913535345391296,0.3745444480533629,36.9158171329872,17.500000560000444,82.96335600401135,39.1442001665005,78.60000225920002
115-01,first,221000.0,187000.0,0.3545476108964029,36.887997035518,0.3525787988809,36.896864638263104,15.700000502384682,88.03512590693963,102.43695255050548,122.00000384
115-02,first,224000.0,214350.0,0.354549595225994,36.8880053200468,0.3523649189931649,36.8980643379293,18.700000598418452,130.40195484814967,102.1741535835771,107.2000033664
115-03,first,285000.0,264800.0,0.3545545972888139,36.8880118994881,0.353199342535046,36.9003078670418,19.40000062080503,139.5350652421557,96.2480314477698,117.00000368
001-01,second,674000.0,658100.0,0.0712982061176619,36.9597190631806,0.0710085547647974,36.9629069048462,6.500000208005304,9.143676153868846,95.1571463826888,83.10000281920001
002-01,second,624000.0,605700.0,0.0692608899531719,36.9624021011956,0.066897125130475,36.9652250384637,5.900000188799595,118.93563851811456,129.7515630035179,86.30000282559999
003-01,second,527000.0,516850.0,0.0692644492478215,36.9623954143999,0.0697508777732034,36.9646456074045,8.100000259197486,12.534614003253235,77.88118301921182,83.2000027584
004-01,second,420000.0,1044300.0,0.0607091997939794,36.94260665372121,0.0584124701904399,36.9415461286499,7.000000223993084,10.449057416706264,204.93212317046212,76.7000023904
005-01,second,584000.0,566600.0,0.0621055331178673,36.9336233087656,0.0648115879480985,36.9277958954443,9.00000028798604,10.145760311140329,294.76189605497166,82.6000025792
006-01,second,565000.0,556900.0,0.0621205161852688,36.9336338018285,0.0642831443038521,36.9306382153804,9.50000030400338,11.504916628506075,305.64452289802864,90.7000027744
007-01,second,571000.0,566450.0,0.0637860710939868,36.9221976833989,0.0613741640868202,36.9244081941197,8.700000278407515,64.02795244186578,137.3030348748104,78.4000025088
008-01,second,537000.0,524566.6666666666,0.0656895062273718,36.9677207659382,0.0653839706014452,36.9652765492372,6.800000217592242,25.89617837833238,262.921996816186,91.4000027328
009-01,second,546000.0,538150.0,0.0670574093100021,36.965817292227,0.0697257679036142,36.9642262978195,14.400000460800811,15.346790729269848,329.02518435954624,80.40000241279999
010-01,second,629000.0,636250.0,0.0697281862901696,36.96226517544649,0.0696553759085716,36.9580345165482,28.600000915196237,15.541805001898654,269.0206279515856,96.50000283199999
011-01,second,575000.0,570800.0,0.0603317509717302,36.9454250860028,0.059452184758455,36.9434003886008,6.20000019841882,32.55083921011065,246.65928760833023,67.90000210880001
012-01,second,580000.0,583200.0,0.0606052534420595,36.9419011656779,0.0627849520276292,36.9396177513834,11.50000036799952,34.55707249072785,313.4766084947453,89.80000274560001
013-01,second,522000.0,599450.0,0.355592288340235,36.9193426007016,0.354784790786311,36.9181491412092,2.700000086393402,17.33899954118945,236.09550654641177,82.500002736
014-01,second,628000.0,625950.0,0.369206399489052,36.9087390386624,0.3692109703736981,36.9108292730415,4.200000134401762,4.517880230048207,89.87553628658658,82.80000274560001
015-01,second,585000.0,589600.0,0.359840963403469,36.8940277429413,0.3622407688533909,36.8924836281785,6.400000204806247,115.64520312632334,327.0665863555849,98.4000028608
016-01,second,544000.0,542366.6666666666,0.303913810220721,36.8942110784731,0.3032116920128089,36.8960460643878,7.200000230402338,23.42937064702928,110.81042124919114,93.40000241279999
018-01,second,420000.0,497400.0,0.359801264423224,36.8939980972101,0.3610049254774429,36.8926681098023,5.400000172801583,4.540040326320051,311.9547972312937,81.7000024224
019-01,second,768000.0,774250.0,0.357672391222395,36.8938414477832,0.356026137067011,36.8919313167459,8.200000262400636,47.020150104109824,229.4331312797785,89.60000277120001
021-01,second,623000.0,600000.0,0.312134026836451,36.88290074506279,0.3082829026465431,36.88381408178,4.500000143999159,19.52506989092646,166.57168457335885,84.80000242560001
022-01,second,420000.0,542800.0,0.274939067292446,36.876854409137394,0.270276046861844,36.8783281883048,8.500000272002808,5.972223321749086,162.3498013078947,78.80000242560001
023-01,second,566000.0,562850.0,0.320252404731363,36.8777205112554,0.319970946527662,36.8802413227962,8.200000262398135,85.79677740208692,96.3286950427273,80.000002432
024-01,second,543000.0,541500.0,0.3367627230912341,36.8716583417738,0.336569848060342,36.8762412836736,8.100000259206581,79.80092323621392,92.3938092235908,85.60000241920002
025-01,second,624000.0,621400.0,0.3526544726469329,36.8960321455987,0.3553913180567171,36.899120187255,5.7000001824026185,11.235979776652734,48.64071456114186,81.20000272640002
025-02,second,642000.0,636800.0,0.352651647486192,36.896039406715104,0.356015733937199,36.8999749418046,5.100000163203731,9.450980861606386,49.66567304562872,89.90000274879999
025-03,second,680000.0,683400.0,0.3526602522634989,36.8960305602456,0.353470828933071,36.9014496426427,4.70000015040182,11.55605515420731,81.54881849882062,81.30000272960002
026-01,second,520000.0,518400.0,0.3634296960390379,36.8965340851936,0.363273318315849,36.8949317282592,6.500000208002348,14.408809001962524,264.4629981146766,68.1000024032
026-02,second,569000.0,587600.0,0.363433179524146,36.896543573369605,0.3633656867297821,36.89517704788671,3.900000124794815,17.982769508302116,267.191300309466,70.7000024224
027-01,second,515000.0,511450.0,0.355542370226524,36.919351179213,0.3520494734832629,36.9206014523101,4.600000147200035,219.42123697195692,160.18322890840807,120.10000275520002
029-01,second,420000.0,519650.0,0.307705973765198,36.87944944292229,0.305228139419807,36.8798944424124,5.0000001600035375,16.011546171452622,169.7516417035482,66.7000024224
029-02,second,615000.0,611833.3333333334,0.307689133601423,36.879444027491104,0.30621020116824,36.8821968248576,6.900000220804941,119.9814262696402,118.08697512145454,69.80000242560001
030-01,second,564000.0,567600.0,0.3578051576539121,36.9199599812618,0.355711582851952,36.9195431527916,4.800000153600422,4.437703898517343,191.3339961548286,71.7000024224
030-02,second,532000.0,565200.0,0.35780695297152,36.919943277060106,0.355865919000941,36.9196208646543,7.400000236794767,8.441910491482066,189.493144950545,71.90000242880002
031-032-01,second,650000.0,652366.6666666666,0.371605891655904,36.9034651832341,0.370072905841859,36.9021754853883,3.600000115212879,5.405333921693451,220.26293238385028,70.30000240960003
031-032-02,second,524000.0,526850.0,0.3716032915580829,36.903462877111394,0.370080632943335,36.9025308721042,4.8000001536165655,34.1273242947965,211.64149032871947,82.80000274560001
031-032-03,second,502000.0,496633.3333333333,0.3715970569649361,36.9034619921775,0.3720851516413421,36.9090888390944,5.400000172802265,631.0700906498021,85.07525189040223,113.10000272319999
033-01,second,586000.0,585450.0,0.3573264239068129,36.89421845342729,0.357784151957001,36.891252049265,6.100000195221128,116.96919105098564,278.7141482222437,85.8000027136
033-02,second,576000.0,579050.0,0.35733249925989,36.8942248289672,0.357535324927137,36.889685060935705,5.600000179198332,123.1771307686953,272.5410949041791,83.4000027328
034-01,second,462000.0,623300.0,0.304515203462471,36.8773565768836,0.30858000344218,36.879904528268,6.700000214396368,93.95963294263538,32.25390786112687,99.6000023872
035-01,second,558000.0,571500.0,0.30515069592415,36.8794113456835,0.30635750109804,36.8824769568708,8.600000275202092,26.60548832589114,68.64303955180625,85.60000241920002
036-01,second,560000.0,564300.0,0.318045825061427,36.886931090957,0.322885720938517,36.8878636390979,7.500000240002009,6.988439208665225,10.977611398301796,85.10000269119998
037-01,second,738000.0,762300.0,0.353320494506787,36.8836847200068,0.34943202251201,36.8849147187737,11.90000038080666,22.3486978340877,162.3361763920512,86.60000273920002
037-02,second,650000.0,653800.0,0.353317824313549,36.8836872395477,0.3488959746034289,36.8858900614104,7.400000236796359,16.523144488326285,153.36552490070966,93.10000269119998
038-01,second,564000.0,562100.0,0.3633541879000789,36.8967325138208,0.36476786879726,36.8986309319088,6.600000211201859,8.142253567719422,53.50993332600619,76.70000162240001
038-02,second,456000.0,600000.0,0.363357396147076,36.896733698788,0.365658625000061,36.8991908136952,11.00000035199946,229.5209317886884,47.06774596099752,72.9000016288
039-01,second,593000.0,595150.0,0.305150042247361,36.8794036814399,0.306251100570912,36.8843253249603,7.00000022400377,7.3076164315877215,77.47112773316115,76.90000210880001
039-02,second,660000.0,653800.0,0.305146082486313,36.8793887081209,0.306397279020151,36.8841740333614,6.700000214404327,6.864439403473996,75.44086846058838,79.90000210880001
039-03,second,656000.0,658200.0,0.3051470494148039,36.8793943551694,0.306621464323584,36.884513174405605,6.400000204793287,572.8158540779036,74.03342002935929,79.2000020864
040-01,second,521000.0,523800.0,0.280717696494981,36.8897855523821,0.281729849799301,36.891580675384,8.000000255986606,17.29573821094708,60.74823036508097,80.60000241920002
041-01,second,546000.0,548200.0,0.350064526826365,36.914646803579295,0.353297128680087,36.9143263106908,5.800000185616227,24.11266536023791,354.30017419579656,75.9000030688
041-02,second,544000.0,542850.0,0.350051754877908,36.9146518041834,0.352860217389701,36.9146713946865,4.800000153603605,13.487829353961176,0.4023474138432675,89.7000033824
041-03,second,599000.0,601000.0,0.350068992138548,36.914658476863714,0.3519245450907849,36.914606729986,6.500000208023948,42.61694062952371,358.39184401494475,96.3000033696
041-04,second,420000.0,628550.0,0.3500664446018869,36.9146630558945,0.350227081855403,36.9138863437048,6.300000201621288,21.15995583973252,281.6091184750862,98.8000033856
041-05,second,551000.0,553100.0,0.350065633342538,36.9146539837755,0.35259227575175,36.91504879747921,5.700000182395797,102.21119413553876,8.939953468014682,105.80000370560002
042-01,second,503000.0,502500.0,0.3395206949993489,36.910290375771,0.33855500462782,36.9088395591041,6.000000192004336,6.348984637106495,236.52835135669477,68.60000241920002
042-02,second,542000.0,538850.0,0.3395232403249389,36.910267242279296,0.338162783098898,36.9083176166015,8.20000026239859,42.47941358516989,235.27242513362012,67.30000240960003
043-01,second,528000.0,539200.0,0.356699834640989,36.9196071703674,0.354842427487457,36.918761129496296,7.90000025278664,37.1558804370294,204.6341332143905,80.8000027136
045-01,second,610000.0,609150.0,0.35367372898883,36.883673288497,0.348422179937335,36.882948813894,4.300000137605139,15.747288300797416,187.90675295154043,87.80000274560001
045-02,second,598000.0,595950.0,0.353682474925863,36.883680947911294,0.3484907121519149,36.8835040110001,5.500000176001095,56.26918780212806,181.96501051248143,86.7000027424
045-03,second,549000.0,545900.0,0.3536711711905611,36.8836862902759,0.348893725799389,36.8836134525947,7.800000249602817,106.30677944043028,180.87934208342028,84.30000272960002
046-01,second,547000.0,545600.0,0.349649234319393,36.8976974940326,0.352990466399181,36.89581008545621,5.40000017279749,243.08268820997165,330.3739727874045,91.6000032192
047-01,second,527000.0,524900.0,0.356698197484656,36.8968498357407,0.354508682035131,36.8995714702578,5.4000001727938525,72.64857731729263,128.62888674840184,101.500003184
047-02,second,595000.0,593300.0,0.356690786535264,36.8968518663759,0.3532982288233439,36.9011127803055,7.5000002400063295,32.54945397620864,128.34008983100793,100.7000032224
048-01,second,570000.0,567200.0,0.3693083698740189,36.9024630153067,0.372141015075136,36.9052879484616,8.900000284788803,66.86158171915078,45.11370555698984,83.80000242560001
049-01,second,556000.0,554300.0,0.3079807482701229,36.8793957133504,0.313248278720475,36.878679115660894,4.300000137599454,10.43264892269656,352.2015550199016,81.3000030496
049-02,second,714000.0,708750.0,0.307984495662606,36.879387218603,0.313131918608107,36.8786727803989,7.700000246405352,5.20024417090608,352.0456405376543,81.500003056
050-01,second,539000.0,536750.0,0.307985358990954,36.8793943399502,0.313135830211002,36.8814102008154,6.200000198390171,10.821357857107133,21.50569509613546,67.50000241600002
050-02,second,692000.0,690650.0,0.307992690791099,36.87939753667821,0.313061093500199,36.8815492872494,7.00000022399081,42.35084354983448,23.14171161248508,69.40000241279999
050-03,second,612000.0,610000.0,0.3079905500174461,36.8793972714031,0.313506699722419,36.8828654387964,5.700000182411031,10.336154541206051,32.33206792034508,70.40000241279999
051-01,second,666000.0,662650.0,0.328584987794418,36.907059734970495,0.32287982765513,36.9045605136736,5.600000179213566,42.67279138071724,203.79788967677487,52.7000027424
051-02,second,628000.0,625800.0,0.328597770489691,36.9070623549475,0.322102354364483,36.904908757125504,7.000000224008545,71.77495764107543,198.45827501372133,56.10000272319999
052-01,second,501000.0,499250.0,0.345830284622497,36.91337841882071,0.3434602962243901,36.9115389580849,5.100000163206232,4.862797193269902,218.00279698704625,74.40000241279999
052-02,second,442000.0,566850.0,0.3458268913746889,36.9133927225511,0.343581368708086,36.91158295527421,7.100000227198279,12.333727297856996,219.05455242145163,74.1000024032
053-01,second,499000.0,496800.0,0.356510412930327,36.9195166567428,0.3545574703814621,36.919310974637,2.20000007040062,5.425425212110774,186.05227743767992,94.500003056
053-02,second,540000.0,539050.0,0.3565106158367321,36.919533111814,0.354204254854148,36.9193113980008,6.000000191996151,8.009023878209117,185.52772489030556,96.000003072
054-03,second,616000.0,614900.0,0.354651255378706,36.897587257874605,0.351586344810527,36.8978148291688,7.700000246401487,416.2074526743309,175.72511727689513,108.7000033824
055-01,second,517000.0,515100.0,0.297835847656255,36.8800340600574,0.296503209197739,36.8815730607715,6.600000211193674,8.002916299566145,130.69969354606056,83.40000241279999
055-02,second,584000.0,582200.0,0.297830024171167,36.8800306331347,0.296528798702583,36.8817654012811,6.6000002111923095,8.54841829303741,126.68886553797198,83.40000241279999
056-01,second,533000.0,529666.6666666666,0.308055157789741,36.87938533959,0.31273079841176,36.88081746467829,4.500000143993475,13.52431327661828,17.137385086524088,79.80000274560001
056-02,second,583000.0,579966.6666666666,0.3080609447275661,36.87938831652379,0.312683889086037,36.8812688733716,7.100000227192822,156.3850329676791,22.27023014598992,91.6000030592
057-01,second,543000.0,542050.0,0.337535482694552,36.9089563919775,0.333686551514093,36.906862954743,4.900000156800843,11.508277179701537,208.7032248284353,73.40000209280001
058-01,second,514000.0,511250.0,0.3696585400782029,36.9022765343548,0.371158520671555,36.903323876965295,5.30000016960139,25.455657289896017,35.10446638414289,83.7000024224
058-02,second,533000.0,529300.0,0.369655087204526,36.9022756243038,0.37125439650623,36.9031393432869,2.400000076796005,3.8717920152095098,28.53229026726809,83.40000241279999
059-01,second,529000.0,525950.0,0.363246666130954,36.896313352024606,0.361044626546427,36.89456670899271,4.900000156800161,5.87052008194395,218.60817031589428,62.100002403199994
059-02,second,543000.0,537350.0,0.363247887580296,36.89633204871311,,,0.0,0.0,,
061-01,second,543000.0,540333.3333333334,0.337732070708597,36.9091319646768,0.33566540092472,36.9073557593431,5.900000188788226,16.216067438994518,220.86734897475435,82.60000241920002
061-02,second,426000.0,561300.0,0.337741537660507,36.9091318725579,0.335249890400426,36.9077447367246,3.4000001088045337,11.73406968924183,209.2687400068025,81.00000240000001
061-03,second,569000.0,564350.0,0.337736682762847,36.9091308215055,0.334519893452282,36.90721016878479,5.400000172792716,139.96987290624674,211.0094430914123,82.30000240960003
062-01,second,683000.0,680500.0,0.373306088813285,36.9148113909823,0.375554961312748,36.9163990075944,5.700000182405802,18.686405166707832,35.40153972581218,82.7000024224
062-02,second,446000.0,562300.0,0.373279819973254,36.914809951787,0.375847744271551,36.916499841972296,5.700000182396025,10.83049691592702,33.52435153262356,87.40000241279999
063-01,second,755000.0,761300.0,0.313740210429078,36.8862270917646,0.311871271244504,36.88413216646,5.900000188801869,8.172658641219785,228.45366956078337,79.1000020832
063-02,second,626000.0,619400.0,0.313731088879726,36.8862339340429,0.3118832968578969,36.8841696768105,7.300000233614128,5.941335969531797,228.35786825972548,79.60000209920001
063-03,second,578000.0,581450.0,0.313732350786408,36.886237221201895,0.311518150640818,36.884207707923295,12.500000400000545,387.5686036298035,222.69938035775132,81.500002096
064-01,second,578000.0,562650.0,0.307541905614578,36.87940453576071,0.310461899490249,36.8831071328687,5.500000176003596,6.264613679942432,51.92604454241114,74.60000209920001
064-02,second,639000.0,710500.0,0.307546690561438,36.8794027614603,0.310466373173269,36.8830851264825,4.700000150382039,5.630267186966879,51.77650960789636,74.8000021056
064-03,second,620000.0,616250.0,0.307535375647923,36.8794069942605,0.311626531566772,36.8831332583145,5.000000159999445,95.95939159877337,42.518772427122,67.70000210239999
065-01,second,643000.0,663900.0,0.30754933754041,36.8794063879839,0.311854757151039,36.8788301678875,8.000000256000249,6.228573427238159,352.32641063030803,62.1000021152
065-02,second,624000.0,632400.0,0.307529460022083,36.8793965965448,0.311852183308858,36.878829330860206,5.600000179203107,5.79150577749863,352.4741670963832,61.500002096
065-03,second,587000.0,584550.0,0.307534436341555,36.8793866441519,0.311836159264621,36.8801602057279,7.500000240014742,193.1831952898985,10.26141492225306,59.40000209280001
066-01,second,666000.0,673500.0,0.313743121252111,36.884666560767,0.314921427037382,36.888066746747896,7.100000227200553,36.99489318808727,71.00514771376895,80.1000025632
066-02,second,593000.0,588000.0,0.31373575603036,36.8846557224377,0.315985920190839,36.88868098413009,5.800000185604404,10.91814711523665,60.95758576796391,83.30000256960003
066-03,second,560000.0,706500.0,0.313738985303065,36.88465456459971,0.313245451927362,36.88827598125261,5.500000176006552,81.17093617780296,97.70934600900358,83.9000025888
068-01,second,604000.0,612800.0,0.3767485264896849,36.9245188346447,0.373836477149753,36.924060993239706,6.0000001920052455,7.274600198647536,188.99412231907203,62.000002400000014
068-02,second,577000.0,571166.6666666666,0.376744344856793,36.9245242643659,0.373764964735219,36.9242647573896,4.200000134402217,10.584664447103112,185.0112274087204,63.600002419200024
068-03,second,667000.0,670550.0,0.376730013289471,36.92451853749871,0.37287630373648,36.924310311473,9.400000300796364,135.7838558809639,183.1135701506436,60.500002416000015
070-01,second,822000.0,818700.0,0.354614112996047,36.8888804864309,0.355904806478655,36.8817673748159,4.900000156786291,6.562176961312073,280.2173991110371,80.20000272640002
070-02,second,611000.0,668900.0,0.354611627413091,36.8888859478235,0.3559082467985179,36.88173802460671,5.800000185608496,3.247854576029897,280.2143857930023,80.500002736
070-03,second,631000.0,625100.0,0.354608992782676,36.8888860927144,0.355707445106065,36.8814924858958,7.400000236796586,256.099718861836,278.3949206488728,80.20000272640002
071-01,second,488000.0,484100.0,0.3646345661770879,36.8985610572899,0.364815486081641,36.899979987278,6.200000198403586,3.8261237200774376,82.78171719931366,78.00000195199999
071-02,second,570000.0,566950.0,0.364632014434235,36.8985506661415,0.364532022640078,36.89938170832939,4.800000153597921,8.450133336202446,96.81554119219598,72.40000193280001
071-03,second,546000.0,561400.0,0.364625195179059,36.8985553406076,0.3655406493073889,36.899530395842,10.100000323195443,216.21504519695884,46.99714561102364,62.500001936
072-01,second,553000.0,566200.0,0.364685964670322,36.9257815025477,0.3672817473634129,36.9285244283987,7.000000224002406,38.596859012104105,46.770257287353125,65.3000020896
073-01,second,488000.0,521000.0,0.335867975363846,36.9072025017467,0.334200506573698,36.9068980426788,5.600000179186736,4.17578479890516,190.4155525759103,69.00000208
073-02,second,515000.0,600300.0,0.335856807027793,36.90719870560911,0.333012931870875,36.9060769427583,4.100000131205661,5.248461429192672,201.65804149519045,71.8000021056
074-01,second,420000.0,539050.0,0.341404254782829,36.9110343736684,0.337854981736987,36.9088436951667,3.300000105602521,4.966217257370733,211.8554855277914,78.70000261439999
074-02,second,605000.0,608600.0,0.341420150146681,36.9110502635272,0.337846142300701,36.90882071371529,4.000000127994554,4.470158888596839,212.12950550176112,77.7000025824
074-03,second,576000.0,566450.0,0.341419678436308,36.9110526457055,0.338022083324633,36.9081551318978,8.200000262398135,149.7018374123462,220.6475959762771,72.7000025824
075-01,second,609000.0,612266.6666666666,0.353936662956496,36.919722082345295,0.355611811271748,36.9180056637965,4.200000134402217,10.093982698460511,314.11104259124863,63.30000224960001
075-02,second,567000.0,547700.0,0.3539373863749849,36.9197217292131,0.355296198635854,36.9180065818159,2.800000089604964,4.602850406351022,308.20112223439696,65.80000226560001
077-01,second,512000.0,490050.0,0.349714655687199,36.8934929030363,0.344652151481241,36.897174774354895,15.100000483202848,5.479210822528856,143.78950031112402,121.50000225600002
078-01,second,570000.0,595400.0,0.347650901343863,36.8999728501534,0.341385391546326,36.8998930416226,12.700000406401386,219.0749149724444,180.734684749182,85.500001296
078-02,second,598000.0,613100.0,0.347648891772838,36.8999819809218,0.3417773493183631,36.90480569692429,7.500000239993824,68.89854781230873,140.40708883771194,124.8000016256
079-01,second,517000.0,514250.0,0.347646928603454,36.89998385372579,0.344718984980618,36.90099559133501,16.900000540799738,251.34833600557,160.81885578001925,71.6000012992
080-01,second,503000.0,505200.0,0.347663813965073,36.8999723127573,0.3416419712116509,36.9008479327897,5.300000169598206,9.261635551438342,171.67192670839046,66.30000064960001
080-02,second,617000.0,656200.0,0.3476627802313981,36.8999664764931,0.340980747875568,36.900586892727496,4.600000147184801,12.871198272755098,174.65993600628516,69.500000656
080-03,second,494000.0,632700.0,0.347663061788932,36.8999666039108,0.3405014716296369,36.90046560360809,4.500000144012802,9.158978723329213,175.98752815116745,71.6000006592
081-01,second,563000.0,567200.0,0.350441039084263,36.8961506877719,0.348873888734291,36.894025388890704,6.800000217602701,66.590171022802,233.7788584036653,84.500002576
081-02,second,555000.0,548266.6666666666,0.350453079881089,36.8961519396905,0.3473638044796829,36.895315012593706,3.000000096003077,23.364784068551508,195.25550237141533,84.20000256640002
081-03,second,673000.0,679650.0,0.350444270729046,36.89614217258821,0.345019353839484,36.89624138707521,7.4000002367979505,158.25862855756435,178.94521318026275,117.40000257279999
082-01,second,607000.0,606000.0,0.355954748247551,36.8882760479037,0.3554896142437029,36.8822813652364,5.200000166406426,16.151365426803515,265.5927637906313,95.500003056
082-02,second,441000.0,698600.0,0.355961705764353,36.8882905127553,0.356210446071445,36.8813140888203,3.5000001119940407,9.394238389334522,272.0283854436613,94.4000030528
082-03,second,719000.0,724900.0,0.3559516841979221,36.8882828172022,0.356147088094456,36.8807733470697,4.200000134398124,4.412247095109619,271.4806353182943,94.4000030528
083-01,second,487000.0,571200.0,0.350323561728701,36.897329502201,0.354170561317286,36.8923206660681,7.80000024961646,6.914495015523968,307.34059235927515,78.60000273920002
083-02,second,566000.0,562950.0,0.350327694803198,36.8973392395742,0.353098334975892,36.8924954457041,5.500000176001095,55.21310040864304,299.6043707527178,79.10000272319999
083-03,second,600000.0,610900.0,0.350320743288488,36.8973220922401,0.352111159067037,36.8923647128532,7.900000252794371,6.476821374448026,289.7355051414332,82.10000272319999
084-01,second,817000.0,815050.0,0.339158568124663,36.91002733972039,0.337120870737833,36.9085916624469,5.500000175993819,4.369393468231752,215.3478717128975,72.1000022432
084-02,second,487000.0,540100.0,0.3391587836003539,36.9100267976969,0.337055514116693,36.9086597532454,2.7000000863938567,13.792269267733298,213.1979512061598,72.4000022528
084-03,second,481000.0,553500.0,0.339149278723249,36.9100263847798,0.3380452665059609,36.9080012076947,9.300000297612996,346.39171794791946,241.56429569614303,63.500002256000016
085-01,second,561000.0,564550.0,0.318385180997961,36.90286520665021,0.315069817717953,36.9021819001234,8.50000027197143,19.573638420275536,191.72191209347147,95.4000032128
085-02,second,619000.0,587050.0,0.318392360766979,36.9028571243534,0.315221600921306,36.90265640529479,5.600000179209019,4.046537629265848,183.64645980036343,104.9000031968
085-03,second,575000.0,578350.0,0.318390080326857,36.9028633134091,0.315165034992499,36.902705215552295,5.50000017600928,4.046028692724635,182.8253419995141,92.2000028864
087-01,second,560000.0,562850.0,0.33952905666717,36.901874212627,0.336054407958747,36.904768715321296,5.700000182393296,3.765851820713283,140.01564764803942,100.1000024032
087-02,second,543000.0,532450.0,0.339525670965259,36.9018762227473,0.3361144463334439,36.9050423791601,3.600000115203329,3.5911026886288773,136.9423665972561,99.60000241920002
087-04,second,604000.0,573800.0,0.3395426262194289,36.9018919035098,0.336253567511921,36.9047873784626,4.200000134403581,27.584057927124533,138.45093355430964,97.60000241920002
087-05,second,604000.0,606650.0,0.3395454296929181,36.90189281303729,0.334032047057032,36.9055923465589,5.200000166400059,42.41820238265276,145.96016834716266,114.40000241279999
088-01,second,531000.0,525900.0,0.343862359884498,36.9119996884765,0.340906926125395,36.911897493845295,4.600000147217088,13.580027678064836,181.99371678252268,83.500002608
088-02,second,584000.0,578750.0,0.343845130038142,36.9119785944661,0.340498107657695,36.91212749180411,4.800000153595192,17.653108792640737,177.43569207208094,87.40000257279999
088-03,second,631000.0,612450.0,0.343868248063327,36.9120001450413,0.339373074093324,36.912381701184295,6.300000201592638,57.150717221824856,175.1158362124162,87.40000257279999
089-01,second,534000.0,537700.0,0.353929173760132,36.9196977688534,0.355352163753907,36.9181716741095,4.900000156804708,6.96971043636537,312.8063137080072,64.9000022368
089-02,second,568000.0,576300.0,0.353940618264147,36.9196895453993,0.353961935868695,36.916070424759496,8.500000272005082,235.8085924468562,270.3352422836992,78.1000022432
090-01,second,717000.0,715100.0,0.368476612675007,36.9024155218666,0.3659410874852561,36.9037443904439,5.600000179200833,40.90009068333486,152.1829201526922,91.000002592
090-02,second,557000.0,553900.0,0.368492381332563,36.9024418854675,0.364818876734108,36.9029404204769,6.800000217600882,67.66030014983204,172.22025519741442,92.00000256
090-03,second,593000.0,595500.0,0.3684724755393379,36.9024080425,0.3647047432807321,36.8995358893912,7.100000227188048,106.25653977241862,217.50352512151963,61.10000256319999
091-01,second,569000.0,572250.0,0.0376306236020058,36.87934369738621,0.0319669168562802,36.8810178516374,5.500000175982677,4.286224657493488,163.42775850383453,94.00000236800001
092-01,second,629000.0,626500.0,0.0544827843356574,36.878597274359606,0.0534038869424716,36.8757332292713,8.3000002655981,128.5569045942666,249.485035720688,87.8000030656
093-01,second,574000.0,578966.6666666666,0.08051374837988,36.8784515384398,0.0760122284830927,36.879407241281,4.100000131198385,19.202134190303237,167.93528578887927,87.90000274879999
093-02,second,566000.0,568550.0,0.0805171792151542,36.878448521875,0.0766995147684742,36.8790392852373,6.800000217580418,7.067117990937328,171.1452123296621,85.500002736
093-03,second,549000.0,536450.0,0.0805026343895607,36.8784551592191,0.0777243825707037,36.8787722749228,7.800000249591903,97.58722969760088,173.4448178622001,85.2000030464
094-01,second,558000.0,555050.0,0.0316368636105516,36.8844107867753,0.0287088796525123,36.8891560677775,7.000000223994448,4.018747499038318,121.50413639226818,106.7000027424
094-02,second,654000.0,650100.0,0.0316474924378896,36.8843907971188,0.028847009771895,36.88934109340521,4.700000150398864,35.254695121041216,119.33307424869642,111.3000028896
094-03,second,733000.0,729200.0,0.0316402410707534,36.8844013361,0.0292124591225265,36.888917312751104,5.000000159999217,52.98696647422437,118.10219866780704,110.60000286720002
094-04,second,574000.0,621200.0,0.0316484361460581,36.8843831482351,0.0282514118276163,36.889791365833,5.100000163187588,4.022023112948919,121.9607763506846,114.4000028928
095-01,second,533000.0,524500.0,0.0736399395050219,36.872375474637,0.0693823889359299,36.8704009465415,9.300000297597537,277.2896642433217,205.0276895407301,88.20000272640002
095-02,second,590000.0,565550.0,0.073646929215256,36.872371099484894,0.0688541789391831,36.8722082780404,6.500000208009624,181.43364646692075,181.95883102459504,89.80000274560001
096-01,second,556000.0,548433.3333333334,0.0065460978706481,36.900322111063,0.0124956114067591,36.9026429866405,5.600000179209928,167.63377675550947,21.441129973976132,82.80000242560001
096-02,second,601000.0,576900.0,0.0065432115203173,36.9003265759097,0.0131071095151968,36.9002155970936,5.100000163198274,40.77196367357071,359.0248396012534,83.50000241600002
097-01,second,590000.0,573550.0,0.0460924952797725,36.8669167414337,0.0563645966869557,36.8643999547785,8.200000262392678,146.02584405272452,346.1438468246644,124.90000386879998
098-01,second,525000.0,601600.0,0.0461417934691011,36.866934713841,0.0338279352198696,36.8703865728812,6.400000204797834,54.52201427256117,164.24028087351368,131.1000038432
099-01,second,646000.0,630050.0,0.0769798738016295,36.8736590285058,0.070178462009468,36.870081303957896,16.300000521602897,29.208895549365817,207.90441985073315,75.70000226239999
100-01,second,560000.0,559000.0,0.0615054789033151,36.8727211848894,0.0719742551130721,36.8732395428177,23.100000739201505,85.89150318424281,2.85373664590105,74.7000022304
101-01,second,665000.0,667300.0,0.305868263980141,36.8800455250839,0.307970589459091,36.88351103387321,4.900000156800616,15.20296456651476,58.92723034734858,76.60000193920001
101-02,second,664000.0,702600.0,0.3058526188224389,36.880047386779296,0.308252004486774,36.8837181729704,6.300000201612647,9.892390707676238,57.00524349650858,75.7000019104
101-03,second,581000.0,578850.0,0.305856189479275,36.8800514853307,0.308333282553194,36.8837947941534,7.100000227191913,217.0908659898829,56.68232969799424,79.1000019232
102-01,second,565000.0,530500.0,0.2892974675265869,36.8890189209124,0.28807438499768,36.8875808557306,7.800000249597815,177.76910698936317,229.8081147256529,72.20000256640002
102-02,second,731000.0,734950.0,0.289292858972746,36.88901211554821,0.288803286751494,36.8851422751611,3.80000012160599,133.94161744234805,262.83751570141465,70.80000258560001
103-01,second,567000.0,564750.0,0.3790056644947461,36.9222657050561,0.377217284282541,36.9237893465228,5.800000185603494,10.314171411034868,139.3806266031979,64.90000226880002
103-02,second,539000.0,536300.0,0.379001475937068,36.9222477791967,0.377169201943919,36.92367473068821,6.600000211184124,41.04082713960145,141.90289230618197,64.4000022528
103-03,second,550000.0,552800.0,0.378999676727094,36.92225407948071,0.374703710550599,36.9225085618744,9.90000031680529,188.67052672057127,176.58718170428756,56.900002236800006
104-01,second,549000.0,546700.0,0.353886341316019,36.8971847364538,0.352601051198882,36.89287811662549,4.200000134396305,4.028654231069975,253.48739697077133,113.500003536
104-02,second,576000.0,685200.0,0.353883883722921,36.8971746120611,0.352815811251923,36.89202801726261,4.300000137607412,5.310869520856368,258.3519668285211,98.6000032192
104-03,second,564000.0,607800.0,0.353883705281573,36.897190488209,0.352819666793621,36.8920325846805,5.800000185590761,5.952401021366976,258.41952109501096,98.7000032224
105-01,second,556000.0,553050.0,0.3544281866579229,36.9190286094298,0.350526562600596,36.9176624466546,6.800000217596335,24.379372028825,199.41783487457772,101.7000025824
105-02,second,635000.0,628950.0,0.354429987637012,36.919025346819296,0.350198216188068,36.9179354427755,5.800000185598037,20.87339691062524,194.5357587597392,101.20000256640002
106-01,second,598000.0,490400.0,0.35443669083866,36.9190213639004,0.356264848203144,36.9183481142646,6.300000201584453,11.43247875743936,339.65816878374926,72.20000272640002
106-02,second,558000.0,556100.0,0.3544325612379899,36.919014893833705,0.356086684536315,36.9181476097175,4.400000140796237,14.029074026620435,332.1731254733071,72.60000273920002
106-03,second,541000.0,539100.0,0.3544313903006429,36.919023185496,0.354845548069802,36.9170735016158,6.800000217607703,27.957636426843056,281.9149291507605,84.10000272319999
107-01,second,714000.0,716500.0,0.376646726204369,36.9241177423292,0.3754704022885701,36.92629226409221,2.800000089609057,15.914242406305355,118.25125990113531,64.70000210239999
107-02,second,546000.0,543350.0,0.3766474620631141,36.924102926793296,0.3753291961750829,36.9264008845837,4.500000144002797,14.228759515952223,119.67623586619617,64.3000020896
107-03,second,547000.0,543550.0,0.3766265210268421,36.924128817184,0.375124711937489,36.9266778738232,10.100000323194308,190.032573032834,120.3375017928508,61.8000020736
108-01,second,598000.0,600100.0,0.376626142536857,36.9241221873707,0.382367765632585,36.921315897257294,5.800000185599856,81.26326635263894,333.8007204409954,96.1000028832
109-01,second,664000.0,667350.0,0.358282826570868,36.893239542564295,0.355484854094299,36.8878344114132,6.400000204795106,5.055100501607132,242.78797383095,91.4000032128
109-02,second,781000.0,779200.0,0.358280795309746,36.893237859052896,0.358259348478727,36.88802725941439,8.200000262395406,51.78172984928925,269.7657622268367,88.6000032192
110-01,second,578000.0,581150.0,0.350523544199933,36.8971066819657,0.353981027122537,36.88927619532871,8.500000272006446,11.816096626959563,293.6819830700672,107.2000035264
110-02,second,582000.0,567900.0,0.350524159660364,36.8971100373263,0.353764870730549,36.8885585259435,6.000000192004791,17.369260055818504,290.628061220814,105.6000035392
110-03,second,636000.0,638350.0,0.3505252429077659,36.8971299332301,0.353719266381947,36.8885020651936,4.400000140802149,14.45113465668724,290.1898769044309,105.500003536
110-04,second,646000.0,620533.3333333334,0.350519686837686,36.8971295665923,0.3537766119197229,36.887927691507,6.500000208005531,7.576798570451958,289.3706198512548,109.2000036864
111-01,second,507000.0,501300.0,0.375914681878198,36.9254400101137,0.376655093570646,36.9232141445911,6.000000191994332,15.965466598663223,288.2846113598304,77.70000226239999
111-02,second,612000.0,566000.0,0.375905423866919,36.925458142113904,0.376241490999426,36.9225695285934,8.4000002688108,14.019333870098611,276.5921932839227,74.4000022528
111-03,second,567000.0,562800.0,0.3759099400377721,36.925447345194,0.375303680311281,36.921719942035104,11.600000371210172,183.5690112914267,260.822380709808,70.4000022528
112-01,second,559000.0,598600.0,0.375914557434408,36.92544864650221,0.379494806820945,36.9219689420859,5.700000182407393,5.83327029583779,315.62420640891924,66.6000017792
112-02,second,639000.0,594650.0,0.375908110423716,36.9254399232334,0.378339211800634,36.9203246384912,4.900000156799024,5.43664933150619,295.2715891413395,59.500001776000005
113-01,second,477000.0,475150.0,0.37413203805587,36.9266630685594,0.372193044587907,36.927987967471,5.400000172797718,3.218906704174284,145.47659923549722,72.70000210239999
113-02,second,540000.0,548300.0,0.374142344079905,36.9266784227513,0.3741162483776239,36.9281660560498,5.500000176003596,3.5017160149185136,90.99825603677796,76.2000020864
114-01,second,623000.0,602850.0,0.371701466963116,36.9135445717747,0.374368763922994,36.9155591922786,5.200000166387781,26.71703146417004,37.24856063547642,72.60000209920001
114-02,second,579000.0,575250.0,0.371696891331428,36.9135383655162,0.374396950579909,36.9157313925834,7.200000230416663,8.85426650571544,39.271856018618216,76.4000022528
114-03,second,574000.0,571950.0,0.371722298812767,36.913535345391296,0.37457474847173,36.91585161069821,6.700000214397733,61.91156417268631,39.26536561335929,78.60000225920002
115-01,second,641000.0,607000.0,0.3545476108964029,36.887997035518,0.352415322488608,36.8975430994525,5.600000179200606,19.607475256705943,102.5099443634484,106.1000033632
115-02,second,644000.0,634350.0,0.354549595225994,36.8880053200468,0.3526439210066429,36.8987391908508,5.400000172786349,50.403239325496905,100.0014288610213,116.1000036832
115-03,second,705000.0,684800.0,0.3545545972888139,36.8880118994881,0.353044300596784,36.901246871326606,5.400000172799537,15.76989753990534,96.46696703340363,117.00000368
