latitude,longitude,altitude(feet),ascent(feet),speed(mph),distance(feet),time(millisecond),datetime(utc),satellites,voltage(v),max_altitude(feet),max_ascent(feet),max_speed(mph),max_distance(feet),compass_heading(degrees), pitch(degrees), roll(degrees),isPhoto,isVideo,rc_elevator,rc_aileron,rc_throttle,rc_rudder,gimbal_heading(degrees),gimbal_pitch(degrees),battery_percent,voltageCell1,voltageCell2,voltageCell3,voltageCell4,voltageCell5,voltageCell6,battery_temperature(f),flycStateRaw,flycState,message
0.354667454893383,36.8975967942778,5808.7240159317,0,0,0,100,2017-11-15 08:20:37,15,0,5808.7240159317,0,0,0,209.6, 1.8, -1.7,0,0,1024,1024,1024,1024,214.2,0,99,4.292,4.293,4.293,4.293,0,0,84.11,41,Motors_Started,
0.354667413418543,36.8975967500043,5808.7240159317,0,0,0.022133530892,200,2017-11-15 08:20:37,15,17.129,5808.7240159317,0,0,0.022133530892,209.6, 1.8, -1.7,0,0,1024,1024,1024,1024,214.2,0,99,4.292,4.293,4.293,4.293,0,0,84.11,41,Motors_Started,Setting new Return-To-Home altitude to 30m (98 ft). Setting new Maximum Flight Altitude to 150m (492 ft)
0.354667369545004,36.8975966827066,5808.7240159317,0,0,0.051250657808,300,2017-11-15 08:20:37,15,17.129,5808.7240159317,0,0,0.051250657808,209.5, 1.8, -1.7,0,0,1024,1024,1024,1024,214.2,0,99,4.292,4.293,4.293,4.293,0,0,84.11,41,Motors_Started,
0.354667333294213,36.8975966228282,5808.7240159317,0,0,0.07668799458,400,2017-11-15 08:20:37,15,17.129,5808.7240159317,0,0,0.07668799458,209.6, 1.8, -1.8,0,0,1024,1024,1024,1024,214.2,0,99,4.292,4.293,4.293,4.293,0,0,84.11,41,Motors_Started,
0.354667290908258,36.8975965660159,5808.7240159317,0,0,0.102543310368,500,2017-11-15 08:20:37,15,17.129,5808.7240159317,0,0,0.102543310368,209.5, 1.8, -1.7,0,0,1024,1024,1024,1024,214.2,0,99,4.292,4.293,4.293,4.293,0,0,84.11,41,Motors_Started,
0.354667253540354,36.8975965009814,5808.7240159317,0,0,0.129797576332,600,2017-11-15 08:20:38,15,17.129,5808.7240159317,0,0,0.129797576332,209.6, 1.8, -1.8,0,0,1024,1024,1024,1024,214.2,0,99,4.292,4.293,4.293,4.293,0,0,84.11,41,Motors_Started,
0.354667212401787,36.8975964229542,5808.7240159317,0,0,0.161804795204,700,2017-11-15 08:20:38,15,17.129,5808.7240159317,0,0,0.161804795204,209.5, 1.8, -1.7,0,0,1024,1024,1024,1024,214.1,0,99,4.292,4.293,4.293,4.293,0,0,84.11,41,Motors_Started,
0.354667174361335,36.8975963487212,5808.7240159317,0,0,0.19209646284,800,2017-11-15 08:20:38,15,17.129,5808.7240159317,0,0,0.19209646284,209.6, 1.8, -1.8,0,0,1024,1024,1024,1024,214.1,0,99,4.292,4.293,4.293,4.293,0,0,84.11,41,Motors_Started,
0.354667130302155,36.8975962836139,5808.7240159317,0,0,0.220764770844,900,2017-11-15 08:20:38,15,17.129,5808.7240159317,0,0,0.220764770844,209.5, 1.8, -1.8,0,0,1024,1024,1024,1024,214.1,0,99,4.292,4.293,4.293,4.293,0,0,84.11,41,Motors_Started,
0.354667087736257,36.8975962088456,5808.7240159317,0,0,0.252121727228,1000,2017-11-15 08:20:38,15,17.129,5808.7240159317,0,0,0.252121727228,209.5, 1.8, -1.8,0,0,1024,1100,1024,1024,214.1,0,99,4.292,4.293,4.293,4.293,0,0,84.11,41,Motors_Started,
0.354667045126391,36.8975961274802,5808.7240159317,0,0,0.285542331972,1100,2017-11-15 08:20:38,15,17.129,5808.7240159317,0,0,0.285542331972,209.5, 1.8, -1.9,0,0,1024,1024,1024,1024,213.2,0,99,4.292,4.293,4.293,4.293,0,0,84.11,41,Motors_Started,
0.354666995686832,36.8975960471876,5808.7240159317,0,0,0.319944564044,1200,2017-11-15 08:20:38,15,17.075,5808.7240159317,0,0,0.319944564044,209.5, 1.6, -1.7,0,0,1024,1024,1024,1024,211.6,0,99,4.292,4.293,4.287,4.287,0,0,84.11,41,Motors_Started,
0.354666954086601,36.8975959818106,5808.7240159317,0,0,0.3482119534,1300,2017-11-15 08:20:38,15,17.075,5808.7240159317,0,0,0.3482119534,209.5, 1.8, -1.8,0,0,1024,1024,1024,1024,211,0,99,4.292,4.293,4.287,4.287,0,0,84.11,41,Motors_Started,
0.354666890590313,36.8975959053379,5808.7240159317,0,0,0.3841535556,1400,2017-11-15 08:20:38,15,17.075,5808.7240159317,0,0,0.3841535556,209.5, 1.6, -1.7,0,0,1024,1024,1024,1024,210.7,0,99,4.292,4.293,4.287,4.287,0,0,84.11,41,Motors_Started,
0.354666812276813,36.8975958179087,5808.7240159317,0,0,0.42645670656,1500,2017-11-15 08:20:38,15,17.075,5808.7240159317,0,0,0.42645670656,209.5, 1.6, -1.7,0,0,1024,1024,1024,1024,210.5,0,99,4.292,4.293,4.287,4.287,0,0,84.11,41,Motors_Started,
0.354666736720268,36.8975957406887,5808.7240159317,0,0,0.4652067078,1600,2017-11-15 08:20:39,15,17.075,5808.7240159317,0,0,0.4652067078,209.5, 1.7, -1.7,0,0,1024,1024,1024,1024,210.4,0,99,4.292,4.293,4.287,4.287,0,0,84.11,10,Assisted_Takeoff,
0.354666672489551,36.8975956766434,5808.7240159317,0,0,0.49774935976,1700,2017-11-15 08:20:39,15,17.075,5808.7240159317,0,0,0.49774935976,209.5, 1.7, -1.7,0,0,1024,1024,1024,1024,210.3,0,99,4.292,4.293,4.287,4.287,0,0,84.11,10,Assisted_Takeoff,
0.35466662245561,36.8975956212593,5808.7240159317,0,0,0.52478348136,1800,2017-11-15 08:20:39,15,17.075,5808.7240159317,0,0,0.52478348136,209.5, 1.7, -1.7,0,0,1024,1024,1024,1024,210.2,0,99,4.292,4.293,4.287,4.287,0,0,84.11,10,Assisted_Takeoff,
0.354666592156781,36.8975955662585,5808.7240159317,0,0,0.54755251096,1900,2017-11-15 08:20:39,15,17.075,5808.7240159317,0,0,0.54755251096,209.5, 1.7, -1.7,0,0,1024,1024,1024,1024,210.1,0,99,4.292,4.293,4.287,4.287,0,0,84.11,10,Assisted_Takeoff,
0.3546665504735,36.8975955211414,5808.7240159317,0,0,0.56977035944,2000,2017-11-15 08:20:39,15,17.075,5808.7240159317,0,0,0.56977035944,209.5, 1.7, -1.7,0,0,1024,1024,1024,1024,210.1,0,99,4.292,4.293,4.287,4.287,0,0,84.11,10,Assisted_Takeoff,
0.354666484840693,36.8975954733843,5808.7240159317,0,0,0.59791996664,2100,2017-11-15 08:20:39,15,17.075,5808.7240159317,0,0,0.59791996664,209.5, 1.7, -1.7,0,0,1024,1024,1024,1024,210.1,0,99,4.292,4.293,4.287,4.287,0,0,84.11,10,Assisted_Takeoff,
0.354666433767804,36.8975954183256,5808.7240159317,0,0,0.6251476578,2200,2017-11-15 08:20:39,15,17.049,5808.7240159317,0,0,0.6251476578,209.5, 1.7, -1.7,0,0,1024,1024,1024,1024,210,0,99,4.283,4.282,4.279,4.278,0,0,85.91,10,Assisted_Takeoff,
0.354666403402209,36.8975953452467,5808.7240159317,0,0,0.65319555896,2300,2017-11-15 08:20:39,15,17.049,5808.7240159317,0,0,0.65319555896,209.5, 1.7, -1.7,0,0,1024,1024,1024,1024,210,0,99,4.283,4.282,4.279,4.278,0,0,85.91,10,Assisted_Takeoff,
0.354666376251162,36.897595275341,5808.7240159317,0,0,0.6796916228,2400,2017-11-15 08:20:39,15,17.049,5808.7240159317,0,0,0.6796916228,209.5, 1.7, -1.7,0,0,1024,1024,1024,1024,210,0,99,4.283,4.282,4.279,4.278,0,0,85.91,10,Assisted_Takeoff,
0.354666339015161,36.8975952150086,5808.7240159317,0,0,0.70550855276,2500,2017-11-15 08:20:39,15,17.049,5808.7240159317,0,0,0.70550855276,209.5, 1.7, -1.7,0,0,1024,1024,1024,1024,210,0,99,4.283,4.282,4.279,4.278,0,0,85.91,10,Assisted_Takeoff,
0.354666284506255,36.8975951591192,5808.7240159317,0,0,0.73365159828,2600,2017-11-15 08:20:40,15,17.049,5808.7240159317,0,0,0.73365159828,209.5, 1.7, -1.7,0,0,1024,1024,1024,1024,210,0,99,4.283,4.282,4.279,4.278,0,0,85.91,10,Assisted_Takeoff,
0.354666211604075,36.8975951056686,5808.7240159317,0,0,0.7650590796,2700,2017-11-15 08:20:40,15,17.049,5808.7240159317,0,0,0.7650590796,209.5, 1.7, -1.7,0,0,1024,1024,1024,1024,209.9,0,99,4.283,4.282,4.279,4.278,0,0,85.91,10,Assisted_Takeoff,
0.354666136018218,36.8975950576716,5808.7240159317,0,0,0.79560041916,2800,2017-11-15 08:20:40,15,17.049,5808.7240159317,0,0,0.79560041916,209.5, 1.7, -1.7,0,0,1024,1024,1024,1024,209.9,0,99,4.283,4.282,4.279,4.278,0,0,85.91,10,Assisted_Takeoff,
0.354666071510666,36.8975950105397,5808.7240159317,0,0,0.82356958016,2900,2017-11-15 08:20:40,15,17.049,5808.7240159317,0,0,0.82356958016,209.5, 1.7, -1.7,0,0,1024,1024,1024,1024,209.9,0,99,4.283,4.282,4.279,4.278,0,0,85.91,10,Assisted_Takeoff,
0.354666005806208,36.8975949486977,5808.7240159317,0,0,0.85610567044,3000,2017-11-15 08:20:40,15,17.049,5808.7240159317,0,0,0.85610567044,209.5, 1.7, -1.7,0,0,1024,1024,1024,1024,209.9,0,99,4.283,4.282,4.279,4.278,0,0,85.91,10,Assisted_Takeoff,
0.354665946682291,36.8975948721094,5808.7240159317,0,0,0.891404228,3100,2017-11-15 08:20:40,15,17.049,5808.7240159317,0,0,0.891404228,209.5, 1.7, -1.7,0,0,1024,1024,1024,1024,209.9,0,99,4.283,4.282,4.279,4.278,0,0,85.91,10,Assisted_Takeoff,
0.354665888530556,36.8975947958829,5808.7240159317,0,0,0.92638126324,3200,2017-11-15 08:20:40,15,17.129,5808.7240159317,0,0,0.92638126324,209.5, 1.7, -1.7,0,0,1024,1024,1024,1024,209.9,0,99,4.283,4.282,4.279,4.278,0,0,85.91,10,Assisted_Takeoff,
0.354665833481007,36.8975947308099,5808.7240159317,0,0,0.95745737972,3300,2017-11-15 08:20:40,15,17.129,5808.7240159317,0,0,0.95745737972,209.5, 1.7, -1.7,0,0,1024,1024,1024,1024,209.9,0,99,4.283,4.282,4.279,4.278,0,0,85.91,10,Assisted_Takeoff,
0.354665779916599,36.8975946691778,5808.7240159317,0,0,0.98721459852,3400,2017-11-15 08:20:40,15,17.129,5808.7240159317,0,0,0.98721459852,209.5, 1.7, -1.7,0,0,1024,1024,1024,1024,209.9,0,99,4.283,4.282,4.279,4.278,0,0,85.91,10,Assisted_Takeoff,
0.354665675829715,36.8975945605915,5808.7240159317,0,0,1.04185042704,3600,2017-11-15 08:20:41,15,17.129,5808.7240159317,0,0,1.04185042704,209.5, 1.7, -1.7,0,0,1024,1024,1024,1024,209.9,0,99,4.283,4.282,4.279,4.278,0,0,85.91,10,Assisted_Takeoff,
0.354665625831599,36.8975945125816,5808.7240159317,0,0,1.06692260632,3700,2017-11-15 08:20:41,15,17.129,5808.7240159317,0,0,1.06692260632,209.5, 1.7, -1.7,0,0,1024,1024,1024,1024,209.9,0,99,4.283,4.282,4.279,4.278,0,0,85.91,10,Assisted_Takeoff,
0.35466557767851,36.8975944685309,5808.7240159317,0,0,1.09045607164,3800,2017-11-15 08:20:41,15,17.129,5808.7240159317,0,0,1.09045607164,209.5, 1.7, -1.7,0,0,1024,1024,1024,1024,209.9,0,99,4.283,4.282,4.279,4.278,0,0,85.91,10,Assisted_Takeoff,
0.354665526626791,36.8975944235037,5808.7240159317,0,0,1.1149442614,3900,2017-11-15 08:20:41,15,17.129,5808.7240159317,0,0,1.1149442614,209.5, 1.7, -1.7,0,0,1024,1024,1024,1024,209.8,0,99,4.283,4.282,4.279,4.278,0,0,85.91,10,Assisted_Takeoff,
0.354665495697754,36.8975943806135,5808.7240159317,0,0,1.13420607304,4000,2017-11-15 08:20:41,15,17.129,5808.7240159317,0,0,1.13420607304,209.5, 1.7, -1.7,0,0,1024,1024,1024,1024,209.8,0,99,4.283,4.282,4.279,4.278,0,0,85.91,10,Assisted_Takeoff,
0.354665475107708,36.8975943363293,5808.7240159317,0,0,1.151492819,4100,2017-11-15 08:20:41,15,17.129,5808.7240159317,0,0,1.151492819,209.5, 1.7, -1.7,0,0,1024,1024,1024,1024,209.8,0,99,4.283,4.282,4.279,4.278,0,0,85.91,10,Assisted_Takeoff,
0.354665458732075,36.8975942928203,5808.7240159317,0,0,1.16761486676,4200,2017-11-15 08:20:41,15,17.129,5808.7240159317,0,0,1.16761486676,209.5, 1.7, -1.7,0,0,1024,1024,1024,1024,209.8,0,99,4.288,4.289,4.288,4.288,0,0,85.91,10,Assisted_Takeoff,
0.354665427229826,36.8975942476903,5808.7240159317,0,0,1.18765423748,4300,2017-11-15 08:20:41,15,17.129,5808.7240159317,0,0,1.18765423748,209.5, 1.7, -1.7,0,0,1024,1024,1024,1024,209.8,0,99,4.288,4.289,4.288,4.288,0,0,85.91,10,Assisted_Takeoff,
0.354665396035353,36.8975942021557,5808.7240159317,0,0,1.2077428208,4400,2017-11-15 08:20:41,15,17.129,5808.7240159317,0,0,1.2077428208,209.4, 1.6, -1.7,0,0,1024,1024,1024,1024,209.8,0,99,4.288,4.289,4.288,4.288,0,0,85.91,10,Assisted_Takeoff,
0.354665356263865,36.8975941555355,5808.7240159317,0,0,1.2300853412,4500,2017-11-15 08:20:41,15,17.129,5808.7240159317,0,0,1.2300853412,209.4, 1.7, -1.7,0,0,1024,1024,1024,1024,209.8,0,99,4.288,4.289,4.288,4.288,0,0,85.91,10,Assisted_Takeoff,
0.354665315619532,36.8975941082302,5808.7240159317,0,0,1.25282484324,4600,2017-11-15 08:20:42,15,17.129,5808.7240159317,0,0,1.25282484324,209.4, 1.7, -1.7,0,0,1024,1024,1024,1024,209.8,0,99,4.288,4.289,4.288,4.288,0,0,85.91,10,Assisted_Takeoff,
0.354665271156497,36.8975940604473,5808.7240159317,0,0,1.27656828232,4700,2017-11-15 08:20:42,15,17.129,5808.7240159317,0,0,1.27656828232,209.4, 1.7, -1.7,0,0,1024,1024,1024,1024,209.8,0,99,4.288,4.289,4.288,4.288,0,0,85.91,10,Assisted_Takeoff,
0.354665224962426,36.8975940121848,5808.7240159317,0,0,1.30084649832,4800,2017-11-15 08:20:42,15,17.129,5808.7240159317,0,0,1.30084649832,209.4, 1.7, -1.7,0,0,1024,1024,1024,1024,209.8,0,99,4.288,4.289,4.288,4.288,0,0,85.91,10,Assisted_Takeoff,
0.354665176355001,36.8975939628367,5808.7240159317,0,0,1.32599085608,4900,2017-11-15 08:20:42,15,17.129,5808.7240159317,0,0,1.32599085608,209.4, 1.7, -1.7,0,0,1024,1024,1024,1024,209.8,0,99,4.288,4.289,4.288,4.288,0,0,85.91,10,Assisted_Takeoff,
0.354665125643626,36.897593912645,5808.7240159317,0,0,1.35186027948,5000,2017-11-15 08:20:42,15,17.129,5808.7240159317,0,0,1.35186027948,209.4, 1.7, -1.7,0,0,1024,1024,1024,1024,209.8,0,99,4.288,4.289,4.288,4.288,0,0,85.91,10,Assisted_Takeoff,
0.354665074249934,36.8975938630935,5808.7240159317,0,0,1.37771001784,5100,2017-11-15 08:20:42,15,17.129,5808.7240159317,0,0,1.37771001784,209.4, 1.7, -1.7,0,0,1024,1024,1024,1024,209.8,0,99,4.288,4.289,4.288,4.288,0,0,85.91,10,Assisted_Takeoff,
0.354665037652283,36.8975938126556,5808.7240159317,0,0,1.40041343064,5200,2017-11-15 08:20:42,15,17.129,5808.7240159317,0,0,1.40041343064,209.4, 1.7, -1.7,0,0,1024,1024,1024,1024,209.8,0,99,4.288,4.289,4.288,4.288,0,0,85.91,10,Assisted_Takeoff,
0.354665015236752,36.8975937633889,5808.7240159317,0,0,1.41953416616,5300,2017-11-15 08:20:42,15,17.129,5808.7240159317,0,0,1.41953416616,209.4, 1.7, -1.7,0,0,1024,1024,1024,1024,209.8,0,99,4.288,4.289,4.288,4.288,0,0,85.91,10,Assisted_Takeoff,
0.354664994565284,36.8975937133428,5808.7240159317,0,0,1.43849742136,5400,2017-11-15 08:20:42,15,17.129,5808.7240159317,0,0,1.43849742136,209.4, 1.7, -1.7,0,0,1024,1024,1024,1024,209.8,0,99,4.288,4.289,4.288,4.288,0,0,85.91,10,Assisted_Takeoff,
0.354664961980119,36.8975936649496,5808.7240159317,0,0,1.45971461364,5500,2017-11-15 08:20:42,15,17.129,5808.7240159317,0,0,1.45971461364,209.4, 1.7, -1.7,0,0,1024,1024,1024,1024,209.8,0,99,4.288,4.289,4.288,4.288,0,0,85.91,10,Assisted_Takeoff,
0.354664927973323,36.8975936144603,5808.7240159317,0,0,1.48185372196,5600,2017-11-15 08:20:43,15,17.129,5808.7240159317,0,0,1.48185372196,209.4, 1.7, -1.7,0,0,1024,1024,1024,1024,209.8,0,99,4.288,4.289,4.288,4.288,0,0,85.91,10,Assisted_Takeoff,
0.354664886304698,36.8975935654141,5808.7240159317,0,0,1.50532157048,5700,2017-11-15 08:20:43,15,17.129,5808.7240159317,0,0,1.50532157048,209.4, 1.7, -1.7,0,0,1024,1024,1024,1024,209.8,0,99,4.288,4.289,4.288,4.288,0,0,85.91,10,Assisted_Takeoff,
0.354664857557776,36.8975935301937,5808.7240159317,0,0,1.52190621668,5800,2017-11-15 08:20:43,15,17.129,5808.7240159317,0,0,1.52190621668,209.4, 1.7, -1.7,0,0,1024,1024,1024,1024,209.8,0,99,4.288,4.289,4.288,4.288,0,0,85.91,10,Assisted_Takeoff,
0.354664839076566,36.8975935099701,5808.7240159317,0,0,1.53187997028,5900,2017-11-15 08:20:43,15,17.129,5808.7240159317,0,0,1.53187997028,209.4, 1.7, -1.7,0,0,1024,1024,1024,1024,209.8,0,99,4.288,4.289,4.288,4.288,0,0,85.91,10,Assisted_Takeoff,
0.35466482025501,36.8975935081758,5808.7240159317,0,0,1.53667655836,6000,2017-11-15 08:20:43,15,17.129,5808.7240159317,0,0,1.53667655836,209.4, 1.7, -1.7,0,0,1024,1024,1024,1024,209.8,0,99,4.288,4.289,4.288,4.288,0,0,85.91,10,Assisted_Takeoff,
0.35466478764379,36.8975935059361,5808.7240159317,0,0,1.544783514,6100,2017-11-15 08:20:43,15,17.129,5808.7240159317,0,0,1.544783514,209.4, 1.7, -1.7,0,0,1024,1024,1024,1024,209.8,0,99,4.288,4.289,4.288,4.288,0,0,85.91,10,Assisted_Takeoff,
0.354664751137333,36.8975934863934,5808.7240159317,0,0,1.55872052232,6200,2017-11-15 08:20:43,15,17.102,5808.7240159317,0,0,1.55872052232,209.4, 1.7, -1.7,0,0,1024,1024,1024,1024,209.8,0,99,4.288,4.289,4.288,4.288,0,0,85.91,10,Assisted_Takeoff,
0.354664709077881,36.8975934353495,5808.7240159317,0,0,1.58285110052,6300,2017-11-15 08:20:43,15,17.102,5808.7240159317,0,0,1.58285110052,209.4, 1.7, -1.7,0,0,1024,1024,1024,1024,209.8,0,99,4.288,4.289,4.288,4.288,0,0,85.91,10,Assisted_Takeoff,
0.354664661029013,36.8975933923051,5808.7240159317,0,0,1.60610897528,6400,2017-11-15 08:20:43,15,17.102,5808.7240159317,0,0,1.60610897528,209.4, 1.7, -1.7,0,0,1024,1024,1024,1024,209.8,0,99,4.288,4.289,4.288,4.288,0,0,85.91,10,Assisted_Takeoff,
0.354664611957481,36.8975933664866,5808.7240159317,0,0,1.6247703932,6500,2017-11-15 08:20:43,15,17.102,5808.7240159317,0,0,1.6247703932,209.4, 1.7, -1.7,0,0,1024,1024,1024,1024,209.8,0,99,4.288,4.289,4.288,4.288,0,0,85.91,10,Assisted_Takeoff,
0.354664505530524,36.8975932977992,5808.7240159317,0,0,1.66890753372,6700,2017-11-15 08:20:44,15,17.102,5808.7240159317,0,0,1.66890753372,209.4, 1.6, -1.7,0,0,1024,1024,1024,1024,209.8,0,99,4.288,4.289,4.288,4.288,0,0,85.91,10,Assisted_Takeoff,
0.354664448466589,36.8975932702078,5808.7240159317,0,0,1.69005254752,6800,2017-11-15 08:20:44,15,17.102,5808.7240159317,0,0,1.69005254752,209.4, 1.6, -1.7,0,0,1024,1024,1024,1024,209.8,0,99,4.288,4.289,4.288,4.288,0,0,85.91,10,Assisted_Takeoff,
0.35466439343821,36.8975932533288,5808.7240159317,0,0,1.70780517276,6900,2017-11-15 08:20:44,15,17.102,5808.7240159317,0,0,1.70780517276,209.4, 1.6, -1.7,0,0,1024,1024,1024,1024,209.8,0,99,4.288,4.289,4.288,4.288,0,0,85.91,10,Assisted_Takeoff,
0.354664352543096,36.8975932336791,5808.7240159317,0,0,1.7229987428,7000,2017-11-15 08:20:44,15,17.102,5808.7240159317,0,0,1.7229987428,209.4, 1.6, -1.7,0,0,1024,1024,1024,1024,209.8,0,99,4.288,4.289,4.288,4.288,0,0,85.91,10,Assisted_Takeoff,
0.35466432597666,36.8975931994136,5808.7240159317,0,0,1.73879270656,7100,2017-11-15 08:20:44,15,17.102,5808.7240159317,0,0,1.73879270656,209.4, 1.6, -1.7,0,0,1024,1024,1024,1024,209.8,0,99,4.288,4.289,4.288,4.288,0,0,85.91,10,Assisted_Takeoff,
0.354664300743921,36.897593177021,5808.7240159317,0,0,1.7510007122,7200,2017-11-15 08:20:44,15,17.102,5808.7240159317,0,0,1.7510007122,209.4, 1.6, -1.7,0,0,1024,1024,1024,1024,209.8,0,99,4.288,4.289,4.288,4.288,0,0,85.91,10,Assisted_Takeoff,
0.354664264698313,36.8975931626407,5808.7240159317,0,0,1.76360898032,7300,2017-11-15 08:20:44,15,17.102,5808.7240159317,0,0,1.76360898032,209.4, 1.6, -1.7,0,0,1024,1024,1024,1024,209.8,0,99,4.288,4.289,4.288,4.288,0,0,85.91,10,Assisted_Takeoff,
0.354664226973779,36.8975931454812,5808.7240159317,0,0,1.77740819336,7400,2017-11-15 08:20:44,15,17.102,5808.7240159317,0,0,1.77740819336,209.4, 1.7, -1.7,0,0,1024,1024,1024,1024,209.8,0,99,4.288,4.289,4.288,4.288,0,0,85.91,10,Assisted_Takeoff,
0.354664182084092,36.8975931128558,5808.7240159317,0,0,1.7971785352,7500,2017-11-15 08:20:44,15,17.102,5808.7240159317,0,0,1.7971785352,209.4, 1.6, -1.7,0,0,1024,1024,1024,1024,209.8,0,99,4.288,4.289,4.288,4.288,0,0,85.91,10,Assisted_Takeoff,
0.354664151462831,36.8975930900971,5808.7240159317,0,0,1.8108104254,7600,2017-11-15 08:20:45,15,17.102,5808.7240159317,0,0,1.8108104254,209.4, 1.6, -1.7,0,0,1024,1024,1024,1024,209.7,0,99,4.288,4.289,4.288,4.288,0,0,85.91,10,Assisted_Takeoff,
0.354664132379096,36.8975930757104,5808.7240159317,0,0,1.81936357528,7700,2017-11-15 08:20:45,15,17.102,5808.7240159317,0,0,1.81936357528,209.4, 1.6, -1.7,0,0,1024,1024,1024,1024,209.7,0,99,4.288,4.289,4.288,4.288,0,0,85.91,10,Assisted_Takeoff,
0.354664114241487,36.8975930734429,5808.7240159317,0,0,1.824393103,7800,2017-11-15 08:20:45,15,17.102,5808.7240159317,0,0,1.824393103,209.4, 1.6, -1.7,0,0,1024,1024,1024,1024,209.7,0,99,4.288,4.289,4.288,4.288,0,0,85.91,10,Assisted_Takeoff,
0.354664080868155,36.8975930696551,5808.7240159317,0,0,1.83357617416,7900,2017-11-15 08:20:45,15,17.102,5808.7240159317,0,0,1.83357617416,209.4, 1.6, -1.7,0,0,1024,1024,1024,1024,209.7,0,99,4.288,4.289,4.288,4.288,0,0,85.91,10,Assisted_Takeoff,
0.35466406110373,36.897593076918,5808.7240159317,0,0,1.8364665942,8000,2017-11-15 08:20:45,15,17.102,5808.7240159317,0,0,1.8364665942,209.4, 1.6, -1.7,0,0,1024,1024,1024,1024,209.7,0,99,4.288,4.289,4.288,4.288,0,0,85.91,10,Assisted_Takeoff,
0.354664048624964,36.8975930804146,5808.7240159317,0,0,1.8385991402,8100,2017-11-15 08:20:45,15,17.102,5808.7240159317,0,0,1.8385991402,209.4, 1.6, -1.7,0,0,1024,1024,1024,1024,209.7,0,99,4.288,4.289,4.288,4.288,0,0,85.91,10,Assisted_Takeoff,
0.354664052455064,36.8975930951096,5808.7240159317,0,0,1.83370412692,8200,2017-11-15 08:20:45,15,17.129,5808.7240159317,0,0,1.8385991402,209.4, 1.6, -1.7,0,0,1024,1024,1024,1024,209.7,0,99,4.287,4.289,4.288,4.288,0,0,85.91,10,Assisted_Takeoff,
0.354664051318411,36.8975931008994,5808.7240159317,0,0,1.832431161,8300,2017-11-15 08:20:45,15,17.129,5808.7240159317,0,0,1.8385991402,209.4, 1.6, -1.7,0,0,1024,1024,1024,1024,209.7,0,99,4.287,4.289,4.288,4.288,0,0,85.91,10,Assisted_Takeoff,
0.354664040971277,36.8975930923689,5808.7240159317,0,0,1.83728024252,8400,2017-11-15 08:20:45,15,17.129,5808.7240159317,0,0,1.8385991402,209.4, 1.6, -1.7,0,0,1024,1024,1024,1024,209.7,0,99,4.287,4.289,4.288,4.288,0,0,85.91,10,Assisted_Takeoff,
0.354664022659425,36.8975930752843,5808.7240159317,0,0,1.8463911352,8500,2017-11-15 08:20:45,15,17.129,5808.7240159317,0,0,1.8463911352,209.4, 1.6, -1.7,0,0,1024,1024,1024,1024,209.7,0,99,4.287,4.289,4.288,4.288,0,0,85.91,10,Assisted_Takeoff,
0.354663990046577,36.8975930563069,5808.7240159317,0,0,1.85955386528,8600,2017-11-15 08:20:46,15,17.129,5808.7240159317,0,0,1.85955386528,209.4, 1.6, -1.7,0,0,1024,1024,1024,1024,209.7,0,99,4.287,4.289,4.288,4.288,0,0,85.91,10,Assisted_Takeoff,
0.354663949144949,36.8975930441771,5808.7240159317,0,0,1.87295937752,8700,2017-11-15 08:20:46,15,17.129,5808.7240159317,0,0,1.87295937752,209.4, 1.6, -1.7,0,0,1024,1024,1024,1024,209.7,0,99,4.287,4.289,4.288,4.288,0,0,85.91,10,Assisted_Takeoff,
0.354663916366,36.8975930207139,5808.7240159317,0,0,1.88738195016,8800,2017-11-15 08:20:46,15,17.129,5808.7240159317,0,0,1.88738195016,209.4, 1.6, -1.7,0,0,1024,1024,1024,1024,209.7,0,99,4.287,4.289,4.288,4.288,0,0,85.91,10,Assisted_Takeoff,
0.354663894567648,36.8975929868552,5808.7240159317,0,0,1.9018373312,8900,2017-11-15 08:20:46,15,17.129,5808.7240159317,0,0,1.9018373312,209.4, 1.6, -1.7,0,0,1024,1024,1024,1024,209.7,0,99,4.287,4.289,4.288,4.288,0,0,85.91,10,Assisted_Takeoff,
0.354663868066351,36.8975929565701,5808.7240159317,0,0,1.91650924768,9000,2017-11-15 08:20:46,15,17.129,5808.7240159317,0,0,1.91650924768,209.4, 1.6, -1.7,0,0,1024,1024,1024,1024,209.7,0,99,4.287,4.289,4.288,4.288,0,0,85.91,10,Assisted_Takeoff,
0.354663830542116,36.8975929374172,5808.7240159317,0,0,1.9309711904,9100,2017-11-15 08:20:46,15,17.129,5808.7240159317,0,0,1.9309711904,209.4, 1.6, -1.7,0,0,1024,1024,1024,1024,209.7,0,99,4.287,4.289,4.288,4.288,0,0,85.91,10,Assisted_Takeoff,
0.354663800687852,36.8975929110569,5808.7240159317,0,0,1.9454396948,9200,2017-11-15 08:20:46,15,17.129,5808.7240159317,0,0,1.9454396948,209.4, 1.6, -1.7,0,0,1024,1024,1024,1024,209.7,0,99,4.287,4.288,4.287,4.288,0,0,85.91,10,Assisted_Takeoff,
0.354663783419832,36.8975928723741,5808.7240159317,0,0,1.96004271364,9300,2017-11-15 08:20:46,15,17.129,5808.7240159317,0,0,1.96004271364,209.4, 1.6, -1.7,0,0,1024,1024,1024,1024,209.7,0,99,4.287,4.288,4.287,4.288,0,0,85.91,10,Assisted_Takeoff,
0.354663763196186,36.8975928373742,5808.7240159317,0,0,1.974409512,9400,2017-11-15 08:20:46,15,17.129,5808.7240159317,0,0,1.974409512,209.4, 1.6, -1.7,0,0,1024,1024,1024,1024,209.7,0,99,4.287,4.288,4.287,4.288,0,0,85.91,10,Assisted_Takeoff,
0.354663726764637,36.8975928154205,5808.7240159317,0,0,1.989337334,9500,2017-11-15 08:20:46,15,17.129,5808.7240159317,0,0,1.989337334,209.4, 1.6, -1.7,0,0,1024,1024,1024,1024,209.7,0,99,4.287,4.288,4.287,4.288,0,0,85.91,10,Assisted_Takeoff,
0.354663683731376,36.897592786281,5808.7240159317,0,0,2.00783470992,9600,2017-11-15 08:20:47,15,17.129,5808.7240159317,0,0,2.00783470992,209.4, 1.6, -1.7,0,0,1024,1024,1024,1024,209.7,0,99,4.287,4.288,4.287,4.288,0,0,85.91,10,Assisted_Takeoff,
0.35466363633877,36.8975927478787,5808.7240159317,0,0,2.02989179724,9700,2017-11-15 08:20:47,15,17.129,5808.7240159317,0,0,2.02989179724,209.4, 1.6, -1.7,0,0,1024,1024,1024,1024,209.7,0,99,4.287,4.288,4.287,4.288,0,0,85.91,10,Assisted_Takeoff,
0.354663598218524,36.8975927167929,5808.7240159317,0,0,2.0476870734,9800,2017-11-15 08:20:47,15,17.129,5808.7240159317,0,0,2.0476870734,209.4, 1.6, -1.7,0,0,1024,1024,1024,1024,209.7,0,99,4.287,4.288,4.287,4.288,0,0,85.91,10,Assisted_Takeoff,
0.354663574330879,36.8975926987277,5808.7240159317,0,0,2.0584646328,9900,2017-11-15 08:20:47,15,17.129,5808.7240159317,0,0,2.0584646328,209.4, 1.6, -1.7,0,0,1024,1024,1024,1024,209.7,0,99,4.287,4.288,4.287,4.288,0,0,85.91,10,Assisted_Takeoff,
0.354663547323136,36.8975926736115,5808.7240159317,0,0,2.07189311092,10000,2017-11-15 08:20:47,15,17.129,5808.7240159317,0,0,2.07189311092,209.4, 1.6, -1.7,0,0,1024,1024,1024,1024,209.7,0,99,4.287,4.288,4.287,4.288,0,0,85.91,10,Assisted_Takeoff,
0.354663509028647,36.8975926380891,5808.7240159317,0,0,2.0909121404,10100,2017-11-15 08:20:47,15,17.129,5808.7240159317,0,0,2.0909121404,209.4, 1.6, -1.7,0,0,1024,1024,1024,1024,209.7,0,99,4.287,4.288,4.287,4.288,0,0,85.91,10,Assisted_Takeoff,
0.354663481634962,36.8975926089838,5808.7240159317,0,0,2.1054954742,10200,2017-11-15 08:20:47,15,17.102,5808.7240159317,0,0,2.1054954742,209.4, 1.6, -1.7,0,0,1024,1024,1024,1024,209.7,0,99,4.287,4.288,4.287,4.288,0,0,85.91,10,Assisted_Takeoff,
0.354663463472926,36.8975925916701,5808.7240159317,0,0,2.11463917528,10300,2017-11-15 08:20:47,15,17.102,5808.7240159317,0,0,2.11463917528,209.4, 1.6, -1.7,0,0,1024,1024,1024,1024,209.7,0,99,4.287,4.288,4.287,4.288,0,0,85.91,10,Assisted_Takeoff,
0.354663442912192,36.8975925669886,5808.7240159317,0,0,2.12633208904,10400,2017-11-15 08:20:47,15,17.102,5808.7240159317,0,0,2.12633208904,209.4, 1.6, -1.7,0,0,1024,1024,1024,1024,209.7,0,99,4.287,4.288,4.287,4.288,0,0,85.91,10,Assisted_Takeoff,
0.354663408473858,36.897592531509,5808.7240159317,0,0,2.14437014736,10500,2017-11-15 08:20:47,15,17.102,5808.7240159317,0,0,2.14437014736,209.4, 1.6, -1.7,0,0,1024,1024,1024,1024,209.7,0,99,4.287,4.288,4.287,4.288,0,0,85.91,10,Assisted_Takeoff,
0.354663384410341,36.897592486469,5808.7240159317,0,0,2.16233930804,10600,2017-11-15 08:20:48,15,17.102,5808.7240159317,0,0,2.16233930804,209.4, 1.6, -1.7,0,0,1024,1024,1024,1024,209.7,0,99,4.287,4.288,4.287,4.288,0,0,85.91,10,Assisted_Takeoff,
0.35466336764551,36.8975924392557,5808.7240159317,0,0,2.17907159204,10700,2017-11-15 08:20:48,15,17.102,5808.7240159317,0,0,2.17907159204,209.4, 1.6, -1.7,0,0,1024,1024,1024,1024,209.7,0,99,4.287,4.288,4.287,4.288,0,0,85.91,10,Assisted_Takeoff,
0.354663347480488,36.8975923989885,5808.7240159317,0,0,2.19482618572,10800,2017-11-15 08:20:48,15,17.102,5808.7240159317,0,0,2.19482618572,209.4, 1.6, -1.7,0,0,1024,1024,1024,1024,209.7,0,99,4.287,4.288,4.287,4.288,0,0,85.91,10,Assisted_Takeoff,
0.354663312253988,36.8975923752276,5808.7240159317,0,0,2.20993773476,10900,2017-11-15 08:20:48,15,17.102,5808.7240159317,0,0,2.20993773476,209.4, 1.6, -1.7,0,0,1024,1024,1024,1024,209.7,0,99,4.287,4.288,4.287,4.288,0,0,85.91,10,Assisted_Takeoff,
0.354663286881202,36.8975923462466,5808.7240159317,0,0,2.2239830108,11000,2017-11-15 08:20:48,15,17.102,5808.7240159317,0,0,2.2239830108,209.4, 1.6, -1.7,0,0,1024,1024,1024,1024,209.7,0,99,4.287,4.288,4.287,4.288,0,0,85.91,10,Assisted_Takeoff,
0.354663269171873,36.8975923083946,5808.7240159317,0,0,2.23848104276,11100,2017-11-15 08:20:48,15,17.102,5808.7240159317,0,0,2.23848104276,209.4, 1.6, -1.7,0,0,1024,1024,1024,1024,209.7,0,99,4.287,4.288,4.287,4.288,0,0,85.91,10,Assisted_Takeoff,
0.354663247751321,36.897592262087,5808.7240159317,0,0,2.25617461288,11200,2017-11-15 08:20:48,15,17.102,5808.7240159317,0,0,2.25617461288,209.4, 1.6, -1.7,0,0,1024,1024,1024,1024,209.7,0,99,4.287,4.288,4.287,4.287,0,0,85.91,10,Assisted_Takeoff,
0.35466321163569,36.897592213544,5808.7240159317,0,0,2.27812015164,11300,2017-11-15 08:20:48,15,17.102,5808.7240159317,0,0,2.27812015164,209.4, 1.6, -1.7,0,0,1024,1024,1024,1024,209.7,0,99,4.287,4.288,4.287,4.287,0,0,85.91,10,Assisted_Takeoff,
0.354663185013888,36.8975921737392,5808.7240159317,0,0,2.29537737004,11400,2017-11-15 08:20:48,15,17.102,5808.7240159317,0,0,2.29537737004,209.4, 1.6, -1.7,0,0,1024,1024,1024,1024,209.7,0,99,4.287,4.288,4.287,4.287,0,0,85.91,10,Assisted_Takeoff,
0.354663167814262,36.8975921513809,5808.7240159317,0,0,2.3056267142,11500,2017-11-15 08:20:48,15,17.102,5808.7240159317,0,0,2.3056267142,209.4, 1.6, -1.7,0,0,1024,1024,1024,1024,209.7,0,99,4.287,4.288,4.287,4.287,0,0,85.91,10,Assisted_Takeoff,
0.354663147834883,36.8975921262861,5808.7240159317,0,0,2.31729666208,11600,2017-11-15 08:20:49,15,17.102,5808.7240159317,0,0,2.31729666208,209.4, 1.6, -1.7,0,0,1024,1024,1024,1024,209.7,0,99,4.287,4.288,4.287,4.287,0,0,85.91,10,Assisted_Takeoff,
0.354663112092166,36.8975920903569,5808.7240159317,0,0,2.33577435296,11700,2017-11-15 08:20:49,15,17.102,5808.7240159317,0,0,2.33577435296,209.4, 1.6, -1.7,0,0,1024,1024,1024,1024,209.7,0,99,4.287,4.288,4.287,4.287,0,0,85.91,10,Assisted_Takeoff,
0.354663087010871,36.8975920648702,5808.7240159317,0,0,2.34881569196,11800,2017-11-15 08:20:49,15,17.102,5808.7240159317,0,0,2.34881569196,209.4, 1.5, -1.7,0,0,1024,1024,1024,1024,209.7,0,99,4.287,4.288,4.287,4.287,0,0,85.91,10,Assisted_Takeoff,
0.354663067717067,36.8975920474002,5808.7240159317,0,0,2.35827435368,11900,2017-11-15 08:20:49,15,17.102,5808.7240159317,0,0,2.35827435368,209.4, 1.5, -1.7,0,0,1024,1024,1024,1024,209.7,0,99,4.287,4.288,4.287,4.287,0,0,85.91,10,Assisted_Takeoff,
0.354663044440088,36.8975920264572,5808.7240159317,0,0,2.36964902596,12000,2017-11-15 08:20:49,15,17.102,5808.7240159317,0,0,2.36964902596,209.4, 1.6, -1.7,0,0,1024,1024,1024,1024,209.7,0,99,4.287,4.288,4.287,4.287,0,0,85.91,10,Assisted_Takeoff,
0.354663007458125,36.897591993682,5808.7240159317,0,0,2.38759193992,12100,2017-11-15 08:20:49,15,17.102,5808.7240159317,0,0,2.38759193992,209.4, 1.6, -1.7,0,0,1024,1024,1024,1024,209.7,0,99,4.287,4.288,4.287,4.287,0,0,85.91,10,Assisted_Takeoff,
0.354662981907839,36.897591970844,5808.7240159317,0,0,2.40003944688,12200,2017-11-15 08:20:49,15,17.102,5808.7240159317,0,0,2.40003944688,209.4, 1.6, -1.7,0,0,1024,1024,1024,1024,209.7,0,99,4.286,4.288,4.287,4.287,0,0,85.91,10,Assisted_Takeoff,
0.35466296345594,36.8975919564188,5808.7240159317,0,0,2.40847448652,12300,2017-11-15 08:20:49,15,17.102,5808.7240159317,0,0,2.40847448652,209.4, 1.6, -1.7,0,0,1024,1024,1024,1024,209.7,0,99,4.286,4.288,4.287,4.287,0,0,85.91,10,Assisted_Takeoff,
0.354662959252926,36.8975919547765,5808.7240159317,0,0,2.4099574262,12400,2017-11-15 08:20:49,15,17.102,5808.7240159317,0,0,2.4099574262,209.4, 1.6, -1.7,0,0,1024,1024,1024,1024,209.7,0,99,4.286,4.288,4.287,4.287,0,0,85.91,10,Assisted_Takeoff,
0.354662952941077,36.8975919522007,5808.7240159317,0,0,2.41221464412,12500,2017-11-15 08:20:49,15,17.102,5808.7240159317,0,0,2.41221464412,209.4, 1.6, -1.7,0,0,1024,1024,1024,1024,209.7,0,99,4.286,4.288,4.287,4.287,0,0,85.91,10,Assisted_Takeoff,
0.354662943167156,36.8975919443125,5808.7240159317,0,0,2.416748765,12600,2017-11-15 08:20:50,15,17.102,5808.7240159317,0,0,2.416748765,209.4, 1.6, -1.7,0,0,1024,1024,1024,1024,209.7,0,99,4.286,4.288,4.287,4.287,0,0,85.91,10,Assisted_Takeoff,
0.354662913801425,36.8975919186653,5808.7240159317,0,0,2.43089902792,12700,2017-11-15 08:20:50,15,17.102,5808.7240159317,0,0,2.43089902792,209.4, 1.5, -1.7,0,0,1024,1024,1024,1024,209.7,0,99,4.286,4.288,4.287,4.287,0,0,85.91,10,Assisted_Takeoff,
0.354662894382231,36.8975919013987,5808.7240159317,0,0,2.4403380046,12800,2017-11-15 08:20:50,15,17.102,5808.7240159317,0,0,2.4403380046,209.4, 1.6, -1.7,0,0,1024,1024,1024,1024,209.7,0,99,4.286,4.288,4.287,4.287,0,0,85.91,10,Assisted_Takeoff,
0.354662877995199,36.8975918904722,5808.7240159317,0,0,2.44733275548,12900,2017-11-15 08:20:50,15,17.102,5808.7240159317,0,0,2.44733275548,209.4, 1.5, -1.7,0,0,1024,1024,1024,1024,209.7,0,99,4.286,4.288,4.287,4.287,0,0,85.91,10,Assisted_Takeoff,
0.354662873587001,36.897591889089,5808.7240159317,0,0,2.44879929096,13000,2017-11-15 08:20:50,15,17.102,5808.7240159317,0,0,2.44879929096,209.4, 1.6, -1.7,0,0,1024,1024,1024,1024,209.7,0,99,4.286,4.288,4.287,4.287,0,0,85.91,10,Assisted_Takeoff,
0.354662866543981,36.8975918880334,5808.7240159317,0,0,2.45083341176,13100,2017-11-15 08:20:50,15,17.102,5808.7240159317,0,0,2.45083341176,209.4, 1.5, -1.7,0,0,1024,1024,1024,1024,209.7,0,99,4.286,4.288,4.287,4.287,0,0,85.91,10,Assisted_Takeoff,
0.354662854097783,36.8975918957866,5808.7240159317,0,0,2.45187671888,13200,2017-11-15 08:20:50,15,17.129,5808.7240159317,0,0,2.45187671888,209.4, 1.5, -1.7,0,0,1024,1024,1024,1024,209.7,0,99,4.287,4.288,4.286,4.287,0,0,85.91,10,Assisted_Takeoff,
0.354662822880512,36.8975919000862,5808.7240159317,0,0,2.4585466666,13300,2017-11-15 08:20:50,15,17.129,5808.7240159317,0,0,2.4585466666,209.4, 1.5, -1.7,0,0,1024,1024,1024,1024,209.7,0,99,4.287,4.288,4.286,4.287,0,0,85.91,10,Assisted_Takeoff,
0.354662801013766,36.897591912019,5808.7240159317,0,0,2.46088590552,13400,2017-11-15 08:20:50,15,17.129,5808.7240159317,0,0,2.46088590552,209.4, 1.5, -1.7,0,0,1024,1024,1024,1024,209.7,0,99,4.287,4.288,4.286,4.287,0,0,85.91,10,Assisted_Takeoff,
0.354662783833681,36.89759191904,5808.7240159317,0,0,2.46336293972,13500,2017-11-15 08:20:50,15,17.129,5808.7240159317,0,0,2.46336293972,209.4, 1.5, -1.7,0,0,1024,1024,1024,1024,209.7,0,99,4.287,4.288,4.286,4.287,0,0,85.91,10,Assisted_Takeoff,
0.354662760649524,36.8975919139525,5808.7240159317,0,0,2.47056110268,13600,2017-11-15 08:20:51,15,17.129,5808.7240159317,0,0,2.47056110268,209.4, 1.5, -1.7,0,0,1024,1024,1024,1024,209.7,0,99,4.287,4.288,4.286,4.287,0,0,85.91,10,Assisted_Takeoff,
0.354662723380955,36.8975918911253,5808.7240159317,0,0,2.48599417404,13700,2017-11-15 08:20:51,15,17.129,5808.7240159317,0,0,2.48599417404,209.4, 1.6, -1.7,0,0,1024,1024,1024,1024,209.7,0,99,4.287,4.288,4.286,4.287,0,0,85.91,10,Assisted_Takeoff,
0.354662675449334,36.8975918565407,5808.7240159317,0,0,2.507217928,13900,2017-11-15 08:20:51,15,17.129,5808.7240159317,0,0,2.507217928,209.3, 1.5, -1.7,0,0,1024,1024,1024,1024,209.7,0,99,4.287,4.288,4.286,4.287,0,0,85.91,10,Assisted_Takeoff,
0.354662667085646,36.8975918482457,5808.7240159317,0,0,2.5115158284,14000,2017-11-15 08:20:51,15,17.129,5808.7240159317,0,0,2.5115158284,209.3, 1.6, -1.7,0,0,1024,1024,1024,1024,209.7,0,99,4.287,4.288,4.286,4.287,0,0,85.91,10,Assisted_Takeoff,
0.354662657977759,36.8975918422333,5808.7240159317,0,0,2.5154036238,14100,2017-11-15 08:20:51,15,17.129,5808.7240159317,0,0,2.5154036238,209.3, 1.5, -1.7,0,0,1024,1024,1024,1024,209.7,0,99,4.287,4.288,4.286,4.287,0,0,85.91,10,Assisted_Takeoff,
0.354662662851692,36.8975918417194,5808.7240159317,0,0,2.51430126156,14200,2017-11-15 08:20:51,15,17.102,5808.7240159317,0,0,2.5154036238,209.3, 1.6, -1.7,0,0,1024,1024,1024,1024,209.7,0,99,4.287,4.288,4.286,4.287,0,0,85.91,10,Assisted_Takeoff,
0.354662654375641,36.8975918255341,5808.7240159317,0,0,2.52069561872,14400,2017-11-15 08:20:51,15,17.102,5808.7240159317,0,0,2.52069561872,209.3, 1.6, -1.8,0,0,1024,1024,1024,1024,209.7,0,99,4.287,4.288,4.286,4.287,0,0,85.91,10,Assisted_Takeoff,
0.354662625827389,36.8975917954225,5808.7240159317,0,0,2.53583341448,14500,2017-11-15 08:20:51,15,17.102,5808.7240159317,0,0,2.53583341448,209.3, 1.5, -1.7,0,0,1024,1024,1024,1024,209.7,0,99,4.287,4.288,4.286,4.287,0,0,85.91,10,Assisted_Takeoff,
0.354662604799292,36.8975917665614,5808.7240159317,0,0,2.5487369582,14600,2017-11-15 08:20:52,15,17.102,5808.7240159317,0,0,2.5487369582,209.3, 1.6, -1.8,0,0,1024,1024,1024,1024,209.7,0,99,4.287,4.288,4.286,4.287,0,0,85.91,10,Assisted_Takeoff,
0.354662588387833,36.8975917495003,5808.7240159317,0,0,2.55737540992,14700,2017-11-15 08:20:52,15,17.102,5808.7240159317,0,0,2.55737540992,209.3, 1.5, -1.7,0,0,1024,1024,1024,1024,209.7,0,99,4.287,4.288,4.286,4.287,0,0,85.91,10,Assisted_Takeoff,
0.354662564135417,36.8975917362014,5808.7240159317,0,0,2.567011237,14800,2017-11-15 08:20:52,15,17.102,5808.7240159317,0,0,2.567011237,209.3, 1.5, -1.7,0,0,1024,1024,1024,1024,209.7,0,99,4.287,4.288,4.286,4.287,0,0,85.91,10,Assisted_Takeoff,
0.354662522626379,36.8975917263005,5808.7240159317,0,0,2.5801510012,14900,2017-11-15 08:20:52,15,17.102,5808.7240159317,0,0,2.5801510012,209.3, 1.5, -1.7,0,0,1024,1024,1024,1024,209.7,0,99,4.287,4.288,4.286,4.287,0,0,85.91,10,Assisted_Takeoff,
0.35466249372964,36.8975917040792,5808.7240159317,0,0,2.59331373128,15000,2017-11-15 08:20:52,15,17.102,5808.7240159317,0,0,2.59331373128,209.3, 1.5, -1.7,0,0,1024,1024,1024,1024,209.7,0,99,4.287,4.288,4.286,4.287,0,0,85.91,10,Assisted_Takeoff,
0.354662471016103,36.8975916714495,5808.7240159317,0,0,2.60762475536,15100,2017-11-15 08:20:52,15,17.102,5808.7240159317,0,0,2.60762475536,209.3, 1.5, -1.7,0,0,1024,1024,1024,1024,209.7,0,99,4.287,4.288,4.286,4.287,0,0,85.91,10,Assisted_Takeoff,
0.354662440992482,36.8975916404065,5808.7240159317,0,0,2.62337934904,15200,2017-11-15 08:20:52,15,17.129,5808.7240159317,0,0,2.62337934904,209.3, 1.5, -1.7,0,0,1024,1024,1024,1024,209.7,0,99,4.286,4.287,4.287,4.287,0,0,85.91,10,Assisted_Takeoff,
0.354662398669222,36.8975916207268,5808.7240159317,0,0,2.63930126556,15300,2017-11-15 08:20:52,15,17.129,5808.7240159317,0,0,2.63930126556,209.3, 1.5, -1.7,0,0,1024,1024,1024,1024,209.7,0,99,4.286,4.287,4.287,4.287,0,0,85.91,10,Assisted_Takeoff,
0.354662369489134,36.8975915940497,5808.7240159317,0,0,2.65370415316,15400,2017-11-15 08:20:52,15,17.129,5808.7240159317,0,0,2.65370415316,209.3, 1.5, -1.7,0,0,1024,1024,1024,1024,209.7,0,99,4.286,4.287,4.287,4.287,0,0,85.91,10,Assisted_Takeoff,
0.354662345546122,36.8975915554076,5808.7240159317,0,0,2.66989509856,15500,2017-11-15 08:20:52,15,17.129,5808.7240159317,0,0,2.66989509856,209.3, 1.5, -1.7,0,0,1024,1024,1024,1024,209.7,0,99,4.286,4.287,4.287,4.287,0,0,85.91,10,Assisted_Takeoff,
0.354662336078349,36.8975915221249,5808.7240159317,0,0,2.6810040228,15600,2017-11-15 08:20:53,15,17.129,5808.7240159317,0,0,2.6810040228,209.3, 1.5, -1.7,0,0,1024,1024,1024,1024,209.7,0,99,4.286,4.287,4.287,4.287,0,0,85.91,10,Assisted_Takeoff,
0.354662324475685,36.8975915012954,5808.7240159317,0,0,2.68940625404,15700,2017-11-15 08:20:53,15,17.129,5808.7240159317,0,0,2.68940625404,209.3, 1.5, -1.7,0,0,1024,1024,1024,1024,209.7,0,99,4.286,4.287,4.287,4.287,0,0,85.91,10,Assisted_Takeoff,
0.354662313804492,36.8975914758558,5808.7240159317,0,0,2.69878289476,15800,2017-11-15 08:20:53,15,17.129,5808.7240159317,0,0,2.69878289476,209.3, 1.5, -1.7,0,0,1024,1024,1024,1024,209.7,0,99,4.286,4.287,4.287,4.287,0,0,85.91,10,Assisted_Takeoff,
0.354662281225841,36.8975914372009,5808.7240159317,0,0,2.71718512632,15900,2017-11-15 08:20:53,15,17.129,5808.7240159317,0,0,2.71718512632,209.3, 1.5, -1.7,0,0,1024,1024,1024,1024,209.7,0,99,4.286,4.287,4.287,4.287,0,0,85.91,10,Assisted_Takeoff,
0.354662260119578,36.897591405978,5808.7240159317,0,0,2.73072843384,16000,2017-11-15 08:20:53,15,17.129,5808.7240159317,0,0,2.73072843384,209.3, 1.5, -1.7,0,0,1024,1024,1024,1024,209.7,0,99,4.286,4.287,4.287,4.287,0,0,85.91,10,Assisted_Takeoff,
0.354662242447704,36.8975913865017,5808.7240159317,0,0,2.74032161,16100,2017-11-15 08:20:53,15,17.129,5808.7240159317,0,0,2.74032161,209.3, 1.5, -1.7,0,0,1024,1024,1024,1024,209.7,0,99,4.286,4.287,4.287,4.287,0,0,85.91,10,Assisted_Takeoff,
0.354662238780448,36.8975913628779,5808.7240159317,0,0,2.74746071784,16200,2017-11-15 08:20:53,15,17.129,5808.7240159317,0,0,2.74746071784,209.3, 1.5, -1.7,0,0,1024,1024,1024,1024,209.7,0,99,4.286,4.287,4.287,4.287,0,0,85.91,10,Assisted_Takeoff,
0.354662229190542,36.8975913246683,5808.7240159317,0,0,2.75994759488,16300,2017-11-15 08:20:53,15,17.129,5808.7240159317,0,0,2.75994759488,209.3, 1.4, -1.7,0,0,1024,1024,1024,1024,209.7,0,99,4.286,4.287,4.287,4.287,0,0,85.91,10,Assisted_Takeoff,
0.354662185836477,36.8975912791937,5808.7240159317,0,0,2.78287082396,16500,2017-11-15 08:20:53,15,17.129,5808.7240159317,0,0,2.78287082396,209.3, 1.5, -1.7,0,0,1024,1024,931,1024,209.7,0,99,4.286,4.287,4.287,4.287,0,0,85.91,10,Assisted_Takeoff,
0.354662164552714,36.897591256467,5808.7240159317,0,0,2.79422909204,16600,2017-11-15 08:20:54,15,17.129,5808.7240159317,0,0,2.79422909204,209.3, 1.5, -1.7,0,0,1024,1024,882,1024,209.7,0,99,4.286,4.287,4.287,4.287,0,0,85.91,10,Assisted_Takeoff,
0.354662146504669,36.8975912197413,5808.7240159317,0,0,2.80847121848,16700,2017-11-15 08:20:54,15,17.129,5808.7240159317,0,0,2.80847121848,209.3, 1.5, -1.7,0,0,1024,1024,847,1024,209.7,0,99,4.286,4.287,4.287,4.287,0,0,85.91,10,Assisted_Takeoff,
0.354662126652308,36.8975911928115,5808.7240159317,0,0,2.82058079892,16800,2017-11-15 08:20:54,15,17.129,5808.7240159317,0,0,2.82058079892,209.3, 1.5, -1.7,0,0,1024,1024,709,1024,209.7,0,99,4.286,4.287,4.287,4.287,0,0,85.91,10,Assisted_Takeoff,
0.354662086100796,36.8975911734937,5808.7240159317,0,0,2.83588919836,16900,2017-11-15 08:20:54,15,17.129,5808.7240159317,0,0,2.83588919836,209.3, 1.5, -1.7,0,0,1024,1024,451,1024,209.7,0,99,4.286,4.287,4.287,4.287,0,0,85.91,10,Assisted_Takeoff,
0.354662061853265,36.8975911691085,5808.7240159317,0,0,2.84316282064,17000,2017-11-15 08:20:54,15,17.129,5808.7240159317,0,0,2.84316282064,209.3, 1.5, -1.7,0,0,1024,1024,364,1024,209.7,0,99,4.286,4.287,4.287,4.287,0,0,85.91,10,Assisted_Takeoff,
0.354662038973627,36.8975911628477,5808.7240159317,0,0,2.8505906424,17100,2017-11-15 08:20:54,15,17.129,5808.7240159317,0,0,2.8505906424,209.3, 1.4, -1.7,0,0,1024,1024,364,1024,209.7,0,99,4.286,4.287,4.287,4.287,0,0,85.91,10,Assisted_Takeoff,
0.354662030632736,36.8975911514758,5808.7240159317,0,0,2.8556923486,17200,2017-11-15 08:20:54,15,17.129,5808.7240159317,0,0,2.8556923486,209.3, 1.4, -1.7,0,0,1024,1024,364,1024,209.7,0,99,4.286,4.287,4.286,4.287,0,0,85.91,10,Assisted_Takeoff,
0.354662018245163,36.8975911216704,5808.7240159317,0,0,2.8666667584,17300,2017-11-15 08:20:54,15,17.129,5808.7240159317,0,0,2.8666667584,209.3, 1.4, -1.7,0,0,1024,1024,364,1024,209.6,0,99,4.286,4.287,4.286,4.287,0,0,85.91,10,Assisted_Takeoff,
0.354662018385209,36.8975911018258,5808.7240159317,0,0,2.87186360896,17400,2017-11-15 08:20:54,15,17.129,5808.7240159317,0,0,2.87186360896,209.3, 1.4, -1.7,0,0,1024,1024,364,1024,209.6,0,99,4.286,4.287,4.286,4.287,0,0,85.91,10,Assisted_Takeoff,
0.354662016717683,36.8975910874241,5808.7240159317,0,0,2.87608605004,17500,2017-11-15 08:20:54,15,17.129,5808.7240159317,0,0,2.87608605004,209.3, 1.4, -1.7,0,0,1024,1024,364,1024,209.6,0,99,4.286,4.287,4.286,4.287,0,0,85.91,10,Assisted_Takeoff,
0.354662034607768,36.8975910852637,5808.7240159317,0,0,2.87215888456,17600,2017-11-15 08:20:55,15,17.129,5808.7240159317,0,0,2.87608605004,209.3, 1.4, -1.7,0,0,1024,1024,364,1024,209.6,0,99,4.286,4.287,4.286,4.287,0,0,85.91,10,Assisted_Takeoff,
0.354662030947026,36.8975910783754,5808.7240159317,0,0,2.87489838596,17700,2017-11-15 08:20:55,15,17.129,5808.7240159317,0,0,2.87608605004,209.3, 1.4, -1.7,0,0,1024,1024,364,1024,209.6,0,99,4.286,4.287,4.286,4.287,0,0,85.91,10,Assisted_Takeoff,
0.35466204449568,36.8975910838333,5808.7240159317,0,0,2.87005258528,17800,2017-11-15 08:20:55,15,17.129,5808.7240159317,0,0,2.87608605004,209.3, 1.4, -1.7,0,0,1024,1024,364,1024,209.6,0,99,4.286,4.287,4.286,4.287,0,0,85.91,10,Assisted_Takeoff,
0.354662035988689,36.8975910727912,5808.7240159317,0,0,2.87511164056,18000,2017-11-15 08:20:55,15,17.129,5808.7240159317,0,0,2.87608605004,209.3, 1.4, -1.7,0,0,1024,1024,364,1024,209.6,0,99,4.286,4.287,4.286,4.287,0,0,85.91,10,Assisted_Takeoff,
